Accession	ID	Description	UGT	enzyme	AA
B6SRY5	1	GRMZM2G085854P02		Zm_85854	MENANASSCRNGDGTQTPPPHVAMLATPGMGHLIPLAELAKRLAQRHGVTSTLITFASTASATQRAFLASMPPAVASMALPPVDMSDLPRDAAIETLMSEECVRAVPALTEALLSLKQRPTTTGRLVAFVTDLFGADAFDAARAAGVQRRYLFFPTNLTALTLMLHLPELDASIPGEFRDLAEPLRLPGCVPLPGTETMKPLQDKSNPSYRWMVHHGAKFREATAILVNSFDAVEPGPAEVLRQPEPGRPPVRTIGPLVRAEDGGGSKDDAPCPCVEWLDRQPAKSVIFVSFGSGGTLPAEEMRELALGLELSGQRFLWVVRSPSEGGVGNDNYYDSASKKDPFSYLPQGFLERTKDVGLVVPSWAPQPKVLAHQSTGGFLTHCGWNSTLESLVHGVPMLAWPLFADQRQNAVLLCDGVGAALRVPGAKGREDIAAVVRELMTAEGKGAAVRAKVEELQKAAAEGLRDGGATAAALAEVVKEWTSADDSVY
B4F9H1	2	GRMZM2G372068P01		Zm_72068	MKAGPPHVAMLATPGMGHLIPLAELAKRLAARRGATATLITFASAASATQRAFLASLPPSVAARALPPVDLSDLPRDAAIETLMTAECARSLPAIAAVLAELGETARLVAFVVDQFGMEAFNAAGVRAARCLFMPMNLHALSLVLHLPELAASVPGEFRDLAEPVRLPGCVPIPGPDIISPLQDRSNPSYAVMVNLAVRCREAAAAILVNSFDAVEPEAAEALRHPAEPGWPPVYPVGPLILQSESGGTGADVDGTPPRAACLEWLDRQPARSVVYVSFGSGGALPKEQMHELALGLERSGQRFLWVVRSPSDDEGTLNGNYYDAESKKDPFAYLPEGFVGRTKEVGLLVPSWAPQTQVLAHGATGGFLTHCGWNSTLESLVHGVPMVAWPLFAEQRLNAVMLSEGAGAAIRLPETKDKESIAAVVRELVEGEGKGAMVRAKVAQLQKAAAEGLREGGAATTALDEVMDKWEAEAN
A0A096SRM5	5	GRMZM2G162783P01	UGT708A6	Zm_62783	MAANGGDHTSARPHVVLLPSAGMGHLVPFARLAVALSEGHGCNVSVAAVQPTVSSAESRLLDALFVAAAPAVRRLDFRLAPFDESEFPGADPFFLRFEATRRSAPLLGPLLDAAEASALVTDIVLASVALPVARERGVPCYVLFTSSAAMLSLCAYFPAYLDAHAAAGSVGVGVGNVDIPGVFRIPKSSVPQALHDPDHLFTQQFVANGRCLVACDGILVNTFDAFEPDAVTALRQGSITVSGGFPPVFTVGPMLPVRFQAEETADYMRWLSAQPPRSVVYVSFGSRKAIPRDQLRELAAGLEASGKRFLWVVKSTIVDRDDTADLGGLLGDGFLERVQGRAFVTMGWVEQEEILQHGSVGLFISHCGWNSLTEAAAFGVPVLAWPRFGDQRVNAALVARSGLGAWEEGWTWDGEEGLTTRKEVAKKIKGMMGYDAVAEKAAKVGDAAAAAIAKCGTSYQSLEEFVQRCRDAERK
C0HFA0	9			Zm_51683	MEATAAETGLAQRPVVLYPSPGMGHLVSMIELGKLLGARGLPVTIVVVEPPFNTGATAPFLAGVSAANPSISFHRLPKVERLPLVSTKHQEALTFEVIRVSNPHLREFLAAATPAVLVVDFFCSIALDVAEELRVPAYFFFTSGAEVLAFFLHLPALHERATASFQDMGEEPVQVPGIPPFPATHAILPVMERDDAAYDGFVKGCADLCRSQGVLVNTFRLLEQRAVETVAAGHCTPPGLPTPPIYCIGPLIKSEEVLGKGGEECLAWLDAQPRASVVLLCFGSIGRFSAEQIREVAAGLEASRQRFLWVVRAPPSDDPAKKFEKPPEPDLDALLPEGFLARTKDRGLVVKSWAPQRDVLAHASVGGFVTHCGWNSVLEAIMAGVPMVAWPLYAEQRLNRVFLEKEMQLAVAVAGYDSDKGLVPAEEVAAKVRWIMDSEGGRMLRERTLAAMRQAKDALREGGESEATLAGLVDDWKRT
B4FG90	10	GRMZM2G043295P01		Zm_43295	MKQQQTVILYPSPGVGHIVPMVQLAKVFLRHGCDVTMVIAEPAASSPDFRIVDLDRVAASNPAITFHVLPPVPYADLAVPGKHHFLLTLQVLRRYNGELERFLRSVPRERLHSLVVGMFCTDAVDVGAKLGVPVYTFFASAAATLAVVAQLPALLSGRRAGLKELGDTPLQFLGVPPFPASHLVRELLEHPDDDELCKTMVDVWKRCTDGSGVLVNTFESLESPAVQALRDPRCVPGRVLPPVYCVGPLIGGDGGTRAAAEQERAAETRHECLAWLDEQPENSVVFLCFGSRCAHSAEQLRGIAVGLERSGQRFLWSVRTPAGTDGGSENLGALFPEGFLQRTKDRGLVVRSWAPQVEVLRHPSTGAFMTHCGWNSTLEAITAGVPMLCWPFYAEQLMNKVFVTEGMGVGVEMEGYTTGFIKSEEVEAKVRLVMESEEGRHLRGRAVALKNEAQAALRDDGPSETSFARFLFDAKNLQGHLGHGSE
Q6VAB2	11	GRMZM2G15991P01	UGT71E1	Sr_71E1	MSTSELVFIPSPGAGHLPPTVELAKLLLHRDQRLSVTIIVMNLWLGPKHNTEARPCVPSLRFVDIPCDESTMALISPNTFISAFVEHHKPRVRDIVRGIIESDSVRLAGFVLDMFCMPMSDVANEFGVPSYNYFTSGAATLGLMFHLQWKRDHEGYDATELKNSDTELSVPSYVNPVPAKVLPEVVLDKEGGSKMFLDLAERIRESKGIIVNSCQAIERHALEYLSSNNNGIPPVFPVGPILNLENKKDDAKTDEIMRWLNEQPESSVVFLCFGSMGSFNEKQVKEIAVAIERSGHRFLWSLRRPTPKEKIEFPKEYENLEEVLPEGFLKRTSSIGKVIGWAPQMAVLSHPSVGGFVSHCGWNSTLESMWCGVPMAAWPLYAEQTLNAFLLVVELGLAAEIRMDYRTDTKAGYDGGMEVTVEEIEDGIRKLMSDGEIRNKVKDVKEKSRAAVVEGGSSYASIGKFIEHVSNVTI
D7S016	16	SlUGT5 (UGT72)		Sl_GT5	MAQIPHIAILPSPGMGHLIPLVEFAKRIFLHHHFSVSLILPTDGPISNAQKIFLNSLPSSMDYHLLPPVNFDDLPEDVKIETRISLTVSRSLTSLRQVLESIIESKKTVALVVDLFGTDAFDVAIDLKISPYIFFPSTAMGLSLFLHLPNLDETVSCEYRDLPDPIQIPGCTPIHGKDLLDPVQDRNDESYKWLLHHAKRYGMAEGIIVNSFKELEGGAIGALQKDEPGKPTVYPVGPLIQMDSGSKVDGSECMTWLDEQPRGSVLYISYGSGGTLSHEQLIEVAAGLEMSEQRFLWVVRCPNDKIANATFFNVQDSTNPLEFLPKGFLERTKGFGLVLPNWAPQARILSHESTGGFLTHCGWNSTLESVVHGVPLIAWPLYAEQKMNAVMLSEDIKVALRPKVNEENGIVGRLEIAKVVKGLMEGEEGKGVRSRMRDLKDAAAKVLSEDGSSTKALAELATKLRKKCQMIDVANH
Q4R1I9	17	RHGt1		Rc_GT1	MGGDAIVLYPYPGLGHLISMVELGKLLLTHHPSFSITILASTAPTTIAATAKLVASSNDQLTNYIKAVSADNPAINFHHLPTISSLPEHIEKLNLPFEYARLQIPNILQVLQTLKSSLKALILDMFCDALFDVTKDLNIPTFYFYTSAGRSLAVLLNIPTFHRTTNSLSDFGDVPISISGMPPIPVSAMPKLLFDRSTNFYKSFLSTSTHMAKSNGIILNTFDLLEERALKALRAGLCLPNQPTPPIFTVGPLISGKSGDNDEHESLKWLNNQPKDSVVFLCFGSMGVFSIKQLEAMALGLEKSGQRFLWVVRNPPIEELPVEEPSLEEILPKGFVERTKDRGLVVRKWAPQVEVLSHDSVGGFVTHCGWNSVLEAVCNGVPMVAWPLYAEQKLGRVFLVEEMKVAVGVKESETGFVSADELEKRVRELMDSESGDEIRGRVSEFSNGGVKAKEEGGSSVASLAKLAQLWKQK
Q8LJ11	19	UGT88C1		Os_88C1	MDAGDAATTRARKPVVLYPSPGMGHLVSMIELGKVFAARGLAVTVVVVDPPYGNTGATGPFLAGVTAANPAMTFHRLPKVEVPPVASKHHESLTFEVTRLSNPGLRDFLAGASPVVLIIDFFCNAALDVADELGVPAYMFYTSGAEILAFFLYLPVLHAQTTANFGEMGEELVHAPGIPSFPATHSVLPLMERDDPAYAEFLKASADLCRTQGFLVNTFRSLEPRAVETIAAGSCAPPGVSTPPVYCIGPLIKSAEVGENRSEECLAWLDTQPNGSVVFLCFGSIGLFSAEQIKEVAAGLEASGQRFLWVVRSPPSDDPAKKFDKPPEPDLDALLPKGFLERTKGRGLVVKSWAPQRDVLAHAAVGGFVTHCGWNSVLESIVAGVPMLAWPLYAEQRMNRVFLEKEMRLAVAVEGYDDDVGEGTVKAEEVAAKVRWLMESDGGRALLERTLAAMRRAKAALRDGGESEVTLARLVESWREAASA
B6EWZ3	36	UGT72B10	UGT72B10	Lc_72B10	MAETPVVTPHIAILPSPGMGHLIPLVEFSKRLIQNHHFSVTLILPTDGPVSNAQKIYLNSLPCSMDYHLLPPVNFDDLPLDTKMETRISLTVTRSLPSLREVFKTLVETKKTVALVVDLFGTDAFDVANDFKVSPYIFYPSTAMALSLFLYLPKLDETVSCEYTDLPDPVQIPGCIPIHGKDLLDPVQDRKNEAYKWVLHHSKRYRMAEGIVANSFKELEGGAIKALQEEEPGKPPVYPVGPLIQMDSGSGSKADRSECLTWLDEQPRGSVLYISFGSGGTLSHEQMIELASGLEMSEQRFLWVIRTPNDKMASATYFNVQDSTNPLDFLPKGFLEKTKGLGLVVPNWAPQAQILGHGSTSGFLTHCGWNSTLESVVHGVPFIAWPLYAEQKMNAVMLSEDIKVALRPKANENGIVGRLEIAKVVKGLMEGEEGKVVRSRMRDLKDAAAKVLSEDGSSTKALAELATKLKKKVSNN
A6BM07	38	UGT88E3	UGT88E3	Gm_88E3	MKDTIVLYPNLGRGHLVSMVELGKLILTHHPSLSITILILTPPTTPSTTTTTLACDSNAQYIATVTATTPSITFHRVPLAALPFNTPFLPPHLLSLELTRHSTQNIAVALQTLAKASNLKAIVIDFMNFNDPKALTENLNNNVPTYFYYTSGASTLALLLYYPTIHPTLIEKKDTDQPLQIQIPGLSTITADDFPNECKDPLSYACQVFLQIAETMMGGAGIIVNTFEAIEEEAIRALSEDATVPPPLFCVGPVISAPYGEEDKGCLSWLNLQPSQSVVLLCFGSMGRFSRAQLKEIAIGLEKSEQRFLWVVRTELGGADDSAEELSLDELLPEGFLERTKEKGMVVRDWAPQAAILSHDSVGGFVTHCGWNSVLEAVCEGVPMVAWPLYAEQKMNRMVMVKEMKVALAVNENKDGFVSSTELGDRVRELMESDKGKEIRQRIFKMKMSAAEAMAEGGTSRASLDKLAKLWKQS
D2KY82	41	UGT88A10	UGT88A10	Fi_88A10	METIVLYPSPGMGHLISMVELGKFILKHHPSFTIAILIVPPSFNTGSTASYIDRVSAATNSITFHHLPTISLELDSFSSMEALIFEAIRLSNPHVHHALQHISLTTTITALIIDFFCTPAISISTKLGIPTYYFFTSGISSLAFFLYLPVIHRNTVKSFKDLNSLVDIPGLPPIPSSDVAKPILDRASTEYACFLDFSLHLPKSAGVIVNSFNSLEPKTLKAISEGSCNPDGATPPVFCVGPLLATEDQQSGTDGVHECLKWLDLQPIQSVVFLCFGSLGLFSDKQLKEIAIGLERSEQRFLWVVRSPPSEDKSKRFLAPPEPDLDSLLPIGFLDRTKDLGFVVKSWAPQVEVLNHKSIGGFVTHCGWNSVLEAVCAGVPMVAWPLYAEQKFNRVILVEDLKLALRINESEDGFVTAEEVESRVRELMDSDEGESLRKLAKEKEAEAKAAISEGGSSIVDLAKLVESWKLH
A0A0A1H7N8	42	UGT88J1	UGT88J1	Fe_88J1	MEEAIVFYSAPGMGHIVSMAELANLIRRHLLLHYPNRRVSFTVIYGSQPFEPPTTTTAISQIANSSPSISFLHLPQHPINTFPARSPAAMAFESIRKSAPDFAESLRRISDAGTKIRSLVIDLFCGTALPIAAEQGIPVYYFFTSGSAALAAYLHMPTIHQRVGGRVFKDSPDLLIDIPGLPSIPADEMPEPLLDAKDPAYPEMVYFCECLQKSKGILVNTFDELEPVVTREAIDSGACVPDGPTPAVYNIGPLIEGSKDGDTSHETLSWLNTQPSGSVVFLCFGSRGRFTAAQTKAIAEGLERSGQRFIWVVRNPPDDNSSEIDLGKLLPEGFLRRTKDIGIVVKGWAPQVAVLSHDSVGGFVTHCGWNSVLEAVVAGKPMVAWPLYAEQHLNRAVLVKTMGMAVPVEQREGDRFVSGDELASRLIELMNSEKGKEMKEKSRLMRDKALAARNEGGSSMADLQKVVNEWMK
A0A0A1H7P3	43	UGT72B19	UGT72B19	Fe_72B19	MSSSSAPVPPTTTPELAAGQPPHVVIFPSPGMGHLIPLTEFAKRLIPRFTFTFAVPTAGEPSSAQRSFLSALPAGIDSVFLPSVSMSDVPSDARIETLMSIMVSRSLPSLRDLLLSRSPVAVLLVDLFGTDAFDVAFEVGITPYIFFPSTAMGLSLFLHLEKLDESVSCEYADLTEPVKIPGCVPVHGRDLLDPVQDRKNDAYKWVLHHCKRYKLAKGIIVNSFEAVERGAIRALVQAEPAVYPVGPLVQTCSPEQPTECIKWLDRQPRGSVLFVNFGSGGTLSTEQQKELALGLARSEQRFLWVVRSPNDAVANATYFSVDGESDPLQLLPSGFLDETAGRGLVVPKWAPQIEVLSHGSTGGFLTHCGWNSILESVVHGVPLITWPLYAEQKMNAVMLTEDLKVGLRPVAGKDGIIRGDEIARVVRELMEGEEGKRIKDRMVELKVAAKVALSEDGSSTKALIEIAKQWETKV
A7M6I2	46	UGT71F5	UGT71F5	Dc_71F5	MSSSTELVIVPAPGMGHLVSTVQLAKVILKKYDFISISIFIINLPMHSDKISSYVDSQSRDNPYPTRLLFTTLPPVTITSDPTSLGFFTDFIKLHKPLVKRAVEERVELGSPKPAGFVLDMFCTTMVDVANELGIPSYLFLTCGVNFLNFVYYVESLADEHGLGAREVSAKLSDPEFESVVSGFRNPITSKIIPGIFKGEFGSGMILNLAKEFKKMKGILVNSYVELESFEIQALQNSDDKKIPPIYPVGPILDLNRESGSDKEENKSIIEWLNSQPDSSIVFLCFGSMGSFDAEQVKEIANGLEKSGVRFLWALRKPPSPDQRGPPSDNGTFLEALPEGFIDRTVNRGKIIGWAPQVDVLAHPAIGGFVSHCGWNSTLESLWFGVPIGAWPMYSEQNLNALVLVEQKLAVEIRMDYVMDWLSKKGNFIVSSMEIEEGLKKLMNMDENMRRNVKDMGEKGRKALEKGGSSCHWLDSFMKDVLTNVA
A0A1P8C3B1	47	UGT71E5	UGT71E5	Ct_71E5	MGPHQKTMTNSELVFIPSPGAGHLPPTVELAKLLLRRHHRLSITIIIMKAPFGGGAYDTAKLDSTPRLRCVEIPSDDSTAALISPTAFLTAFIDHHKPHVRNIVRESIADPGGTVRLAGFVVDMFCVDMVDVANEFGAPTYAYFTSGAAMLGLMFHLQAKRDDDNLDVTELDKNSRSVISVPSYINPVPVNVLLDVLFDKNGAKMFLDLAKRFRETKGIIVNSFRELESHAIEVLSDDPDIPPVFPVGPILNLNSTTDDGKVDDIMTWLDEQPERSVVFLCFGSMGTFPEEQIREIASAIESGGHRFLWSLRRPSSKEKMESPKEYEDPGEVLPEGFLERTSGVGRVIGWAPQLMVLSHRSVGSFVSHCGWNSTLESIWCGVPIAAWPMYAEQQTNAFQLVSEAGIAAEVRMDYRTNMKPGGEQMIVTAEEIERGIRRVMSDGEIKRKAEEMKEKSRLAVSEGGSSYDSIGDFIHHVMNE
O82383	50	UGT71D1	UGT71D1	At_71D1	MRNVELIFIPTPTVGHLVPFLEFARRLIEQDDRIRITILLMKLQGQSHLDTYVKSIASSQPFVRFIDVPELEEKPTLGSTQSVEAYVYDVIERNIPLVRNIVMDILTSLALDGVKVKGLVVDFFCLPMIDVAKDISLPFYVFLTTNSGFLAMMQYLADRHSRDTSVFVRNSEEMLSIPGFVNPVPANVLPSALFVEDGYDAYVKLAILFTKANGILVNSSFDIEPYSVNHFLQEQNYPSVYAVGPIFDLKAQPHPEQDLTRRDELMKWLDDQPEASVVFLCFGSMARLRGSLVKEIAHGLELCQYRFLWSLRKEEVTKDDLPEGFLDRVDGRGMICGWSPQVEILAHKAVGGFVSHCGWNSIVESLWFGVPIVTWPMYAEQQLNAFLMVKELKLAVELKLDYRVHSDEIVNANEIETAIRYVMDTDNNVVRKRVMDISQMIQRATKNGGSSFAAIEKFIYDVIGIKP
O82381	53	UGT71C1	UGT71C1	At_71C1	MGKQEDAELVIIPFPFSGHILATIELAKRLISQDNPRIHTITILYWGLPFIPQADTIAFLRSLVKNEPRIRLVTLPEVQDPPPMELFVEFAESYILEYVKKMVPIIREALSTLLSSRDESGSVRVAGLVLDFFCVPMIDVGNEFNLPSYIFLTCSAGFLGMMKYLPERHREIKSEFNRSFNEELNLIPGYVNSVPTKVLPSGLFMKETYEPWVELAERFPEAKGILVNSYTALEPNGFKYFDRCPDNYPTIYPIGPILCSNDRPNLDSSERDRIITWLDDQPESSVVFLCFGSLKNLSATQINEIAQALEIVDCKFIWSFRTNPKEYASPYEALPHGFMDRVMDQGIVCGWAPQVEILAHKAVGGFVSHCGWNSILESLGFGVPIATWPMYAEQQLNAFTMVKELGLALEMRLDYVSEDGDIVKADEIAGTVRSLMDGVDVPKSKVKEIAEAGKEAVDGGSSFLAVKRFIGDLIDGVSISK
O22822	117	UGT74F2 (Arabidopsis thaliana)	UGT74F2	At_74F2	MEHKRGHVLAVPYPTQGHITPFRQFCKRLHFKGLKTTLALTTFVFNSINPDLSGPISIATISDGYDHGGFETADSIDDYLKDFKTSGSKTIADIIQKHQTSDNPITCIVYDAFLPWALDVAREFGLVATPFFTQPCAVNYVYYLSYINNGSLQLPIEELPFLELQDLPSFFSVSGSYPAYFEMVLQQFINFEKADFVLVNSFQELELHENELWSKACPVLTIGPTIPSIYLDQRIKSDTGYDLNLFESKDDSFCINWLDTRPQGSVVYVAFGSMAQLTNVQMEELASAVSNFSFLWVVRSSEEEKLPSGFLETVNKEKSLVLKWSPQLQVLSNKAIGCFLTHCGWNSTMEALTFGVPMVAMPQWTDQPMNAKYIQDVWKAGVRVKTEKESGIAKREEIEFSIKEVMEGERSKEMKKNVKKWRDLAVKSLNEGGSTDTNIDTFVSRVQSK
O22820	118	UGT74F1 (Arabidopsis thaliana)	UGT74F1	At_74F1	MEKMRGHVLAVPFPSQGHITPIRQFCKRLHSKGFKTTHTLTTFIFNTIHLDPSSPISIATISDGYDQGGFSSAGSVPEYLQNFKTFGSKTVADIIRKHQSTDNPITCIVYDSFMPWALDLAMDFGLAAAPFFTQSCAVNYINYLSYINNGSLTLPIKDLPLLELQDLPTFVTPTGSHLAYFEMVLQQFTNFDKADFVLVNSFHDLDLHEEELLSKVCPVLTIGPTVPSMYLDQQIKSDNDYDLNLFDLKEAALCTDWLDKRPEGSVVYIAFGSMAKLSSEQMEEIASAISNFSYLWVVRASEESKLPPGFLETVDKDKSLVLKWSPQLQVLSNKAIGCFMTHCGWNSTMEGLSLGVPMVAMPQWTDQPMNAKYIQDVWKVGVRVKAEKESGICKREEIEFSIKEVMEGEKSKEMKENAGKWRDLAVKSLSEGGSTDININEFVSKIQIK
A0A2P0QDF6	121	UGT 5 de Aloe vera (GT1)		ARM65438.1 glycosyltransferase 5 [Aloe vera]	MGSDMQPQPLKMIFFPFMAQGHILPMVDMANLFASRGVQAAIFTTPGNASVIQPSISDTQVQLLIVPFPSHPQIPPGCENASSLPSLEMRQAFFLAIADLREPFRQTVQEFRPDCIVTDMFLPWTVDVAADLNIPRLVFHGTNVFSRCCIDSFDRHNLAVQENPEDQLVIHPGLPHEIKLLRSQLDSSRTSHPSRAALFKAMRESESRSYGVVVNSFYEVEPDYADHYRSVLGKKSWHVGPVSLCNTDAFERGNKAAIDQENLVSWLETKASRSVVYVCFGSMVNFPAEQIRELALGLEASGHSFVWVVRNHQIEGIVPEEFEERTRGRGLIIKGWAPQILILNHRSVGCFVTHCGWNSSLEGITAGVPLVTWPLFAEQFYNEKLIVDVLKIGVGVGVEKYGIVAEEREVIEAARVERAVREVLGGGEEAEERRRRARELGKAARRAVEEGGSSYVDVSNLMQELIERRSSI
A0A2I4QA45	122	UGT 1 de Aloe arborescens (GT1)		ARM65414.1 glycosyltransferase 1 [Aloe arborescens]	MGSEGHTLHILFFPFMAQGHMLPTVDIAKLFAAHGVKTTVLTTPGNVPIIQTSIDRAKAQSHHPIQIHTMPFPSVAGLPEGCENASFLPSNDISHLFFEAIGLLREPFSGVLRELRPDCVVTDMFLPWTYDVAAELGIPRIMFNGVSFFSLCVFDSLDRFNPLGNLEGEADSFVIPGLPHKVEMLMSQVPDYLRPESPEAGFFKMVRENDAKSYGVLVNSFYELEPDYTQHYRKVVGRKAWHVGPVALCNEGIAERNTRGSQPSNNGAECLTWLNGKSPSSVVYACFGSLFEFSCAQLREIMLGLEACNHPFIFVIRKGGNECIPEGFEDRVRERGLIIRGWAPQILILNHPAVGGFLTHCGWNSTLEGISAGVPLLAWPMFAEQFFNEKLVVDLLKIGVAVGVKKCTSKLEERELIDAERITGVINQLMDDGEEADNRRKRAKELGEMAQKAVEKDGSSYVDIGNLIHELMERQKIIDRKLIDVSNTSIGVQAA
A0A1W6JGU2	123	UGT 3 de Aloe arborescens (GT1)		ARM65439.1 glycosyltransferase 3 [Aloe arborescens]	MKQSVVLFPGVGTGHLTPMIELGKLFIDHGLSVTILILESPFNPSSTAPLISRASAANPSISFHLLPKNTLPPNVSPFTAFFDVFRLVTPHILDFFKSFSQTSRICAFILDYLCTDPLDAAAELSIPTYFFCATSASNLIALTLFPSLHDKFTASFKDLGETPVEFPGLPTIPASHMPGPLMNRDEPTYDIFLNSLKRLPEAAGILVNTFEQLEPRAAAVLAAGLDVPGAKMPSVYCVGPVSDDAKGGEEERHECLKWLDAQPAASVVFVCFGSMGSPSAEQLKEIAVGLERSGQRFLWAVRSPPASQDRKKMFEPRPELDLGAVMPEGFLERTEGRGMVLRSWAPQTAVLRHEAVGAFVSHCGWNSTLEALCAGVPMIAWPMYAEQRMNRMLLVEEAKVAVAMEGYDKVMMRAEEVERKVRWVMEEEGGKKLRQRAAALKEAADAAREEGGSSHKAWLELMSVIKSEN
Q5CAZ5	124	UDP-Xyl: gentisic acid xylosyltransferase		CAI62049.1 UDP-xylose phenolic glycosyltransferase [Solanum lycopersicum]	MTTHKAHCLILPYPVQGHINPMLQFSKRLRSKRVKITIALTKSFLKNMKELPTSMSIEAISDGYDDGGRDQAGTFVAYITRFKEIGSDTLSQLIQKLAISGCPVNCIVYDPFLPWAVEVAKQFGLISAAFFTQNCVVDNLYYHVHKGVIKLPPTQNDEEILIPGFPNSIDASDVPSFVISPEAERIVEMLANQFSNLDKVDCVLINSFYELEKEVIDWMSKIYPIKTIGPTIPSMYLDKRLHDDKEYGLSMFKPMTNECLNWLNHQPISSVLYVSFGSLAKLGSEQMEELAWGLKNSNKSFLWVVRSTEEPKLPNNFIEELTSEKGLVVSWCPQLQVLEHESIGCFLTHCGWNSTLEAISLGVPMVAMPQWSDQPTNAKLVKDVWEIGVRAKQDEKGVVRREVIEECIKLVMEEDKGKLIRENAKKWKEIARNVVNEGGSSDKNIEEFVSKLVTIS
Q3HTL7	125	OleI		ABA42118.2 oleandomycin glycosyltransferase [Streptomyces antibioticus]	MTSEHRSASVTPRHISFFNIPGHGHVNPSLGIVQELVARGHRVSYAITDEFAAQVKAAGATPVVYDSILPKESNPEESWPEDQESAMGLFLDEAVRVLPQLEDAYADDRPDLIVYDIASWPAPVLGRKWDIPFVQLSPTFVAYEGFEEDVPAVQDPTADRGEEAAAPAGTGDAEEGAEAEDGLVRFFTRLSAFLEEHGVDTPATEFLIAPNRCIVALPRTFQIKGDTVGDNYTFVGPTYGDRSHQGTWEGPGDGRPVLLIALGSAFTDHLDFYRTCLSAVDGLDWHVVLSVGRFVDPADLGEVPPNVEVHQWVPQLDILTKASAFITHAGMGSTMEALSNAVPMVAVPQIAEQTMNAERIVELGLGRHIPRDQVTAEKLREAVLAVASDPGVAERLAAVRQEIREAGGARAAADILEGILAEAG
Q3HTL6	126	OleD		ABA42119.2 oleandomycin glycosyltransferase [Streptomyces antibioticus]	MTTQTTPAHIAMFSIAAHGHVNPSLEVIRELVARGHRVTYAIPPVFADKVAATGARPVLYHSTLPGPDADPEAWGSTLLDNVEPFLNDAIQALPQLADAYADDIPDLVLHDITSYPARVLARRWGVPAVSLSPNLVAWKGYEEEVAEPMWREPRQTERGRAYYARFEAWLKENGITEHPDTFASHPPRSLVLIPKALQPHADRVDEDVYTFVGACQGDRAEEGGWQRPAGAEKVVLVSLGSAFTKQPAFYRECVRAFGNLPGWHLVLQIGRKVTPAELGELPDNVEVHDWVPQLAILRQADLFVTHAGAGGSQEGLATATPMIAVPQAVDQFGNADMLQGLGVARKLATEEATADLLRETALALVDDPEVARRLRRIQAEMAQEGGTRRAADLIEAELPARHERQEPVGDRPNGG
Q54387	127	mgt		AAA26780.1 macrolide glycosyl transferase [Streptomyces lividans]	MKRKELHETSRLAYGRRMTTRPAHIAMFSIALHGHVNPSLEVIRELVARGHRVTYAIPRLLADKVAEAGAEPKLWNSTLPGPDADPEAWGSTLLDNVEPFLADAIQSLPQLAQAYEGDEPDLVLHDIASYTARVLGRRWEVPVISLSPCMVAWEGYEQEVGEPMWEEPRKTERGQAYYARFHAWLEENGITDHPDPFIGRPDRSLVLIPKALQPHADRVDETTYTFVGACQGDRTAEGDWARPEGAEKVVLVSLGSAFTKQPAFYRECVRAFGELPGWHTVLQVGRHVDPAELGDVPDNVEVRTWVPQLAILQQADLFVTHAGAGGSQEGLATATPMIAVPQAADQFGNADMLQGLGVARTLPTEEATAKALRTAALALVDDPEVAARLKEIQARMAQEAGTRGPADLIEAELAAARG
Q9LFJ8	132	UGT78D2	UGT78D2	At_78D2	MTKPSDPTRDSHVAVLAFPFGTHAAPLLTVTRRLASASPSTVFSFFNTAQSNSSLFSSGDEADRPANIRVYDIADGVPEGYVFSGRPQEAIELFLQAAPENFRREIAKAETEVGTEVKCLMTDAFFWFAADMATEINASWIAFWTAGANSLSAHLYTDLIRETIGVKEVGERMEETIGVISGMEKIRVKDTPEGVVFGNLDSVFSKMLHQMGLALPRATAVFINSFEDLDPTLTNNLRSRFKRYLNIGPLGLLSSTLQQLVQDPHGCLAWMEKRSSGSVAYISFGTVMTPPPGELAAIAEGLESSKVPFVWSLKEKSLVQLPKGFLDRTREQGIVVPWAPQVELLKHEATGVFVTHCGWNSVLESVSGGVPMICRPFFGDQRLNGRAVEVVWEIGMTIINGVFTKDGFEKCLDKVLVQDDGKKMKCNAKKLKELAYEAVSSKGRSSENFRGLLDAVVNII
A0A4D6LCC9	140	UDP-glucosyl transferase 73C		QCD86231.1	MEPRPLHIAMYPWLAMGHQTAFLHLCNKLAIRGHRISFITPTKAQAKLEPYNLHPHLITFVTVTVPHVEGLPPDAQTTADVTYPLQPNIMTAMDLTKDDVETLLTDLKPELVFYDFTHWMPTLTKKLGIKAVHYCTASSVMIGYTLPPARYYQGIDLSESDLMEPPEGYPDSSIKLHAHEARAFAGKRKDTFGSDVLFYDRQFIALNEADVLAYRTCREIEGPYLDYIGSQFKKPVLATGPVILEPPTSELEEKFATWLGGFEAGTVVYCCFGSECTLRPEQFQELVLGLELTGKPFLAAVKPPVGFETVESAMPEGFEERVKGRGFVYGGWVMQQLILAHPSVGCFITHCGSGSLSEALVNQCQLVLLPNVGDQILNARMMANNLEVGVEVQKDENGHYTKESVCSAVSIVMDEENESGKKVRDNHTKLRETLLDKNLESCYLDNFCMSLQEIVDKGV
B6EWY1	141	UDP-glucose glucosyltransferase	UGT75L5	BAG80544.1	MVRPHVLLVTFPAQGHINPSLQFAKRLIKLGIEVTFATSVFAHRRMTKTAASTAPEGLNFVAFSDGFDDGFKLDTDDGKRYMSEIRSRGSQTLRDIILKSSDDGRPVTSLVYTLLLPWAAEVAREHHIPCALLWIQPAAVLDIYYYYFNGYEDEMKSSTDDPTWRIQLPGLPLLKSQDLPSFLVASNSKLNGKYSSALPTFKEQLDTLDGEENPKVLVNTFDALEPEALKAIEKYNLIGIGPLVPSSFFDGKDPLDSAFGGDLFQKSNDYMEWLDSQPKSSIVYISFGSLLNLSRNQKEEIAKGLIEIKRPFLWVIRDQENVKEEEELSCMMELEKQGKIVPWCSQLEVLTHPSLGCFVSHCGWNSTLESLSSGMPVVAFPHWTDQGTNAKLIEDVWKTGVRVKANEDGVVESEEIKRCIEIVMDGGEEGEEMRKNAKKWKELAGEALKEGGSSEMNLKAFVQEVGKGC
A0A125QVX4	142	UDP-glycosyltransferase 75L13	UGT75L13	ALO19893.1	MGHKHILLFTYPVQGTINPSLQLAKQLIRMGVKVTLVTCVSAHRRMPKTTTFPQGLTFASFSDGYDDGFKVGDDYEHLLSELKNRGSQKLAQLITASAEEGNPVTGLVYTMLQTWVAKVAQSFHIPSTLLWTQPATIFHIFFYYFNGYGDTITSISNDPSFFVELPVLPQLSKRDLPSFLDASNPDSDTKSFKFLLHRFKEQLNTLNEEENPRILVNTFDALEPEALRAIDEKLNFIAIGPLVPSAFLDGKYRSDTSFAADLFQKSKDYVEWLDLKPKSSVVYVSFGSLATLSKRQVEEIARGLLESHRPFLWVIRATENGENEEDELSRREELEQLGMIVPWCGQVEVLSHPSLGCFVSHCGWNSSLECLVFGVPMVCFPQSSDQPTNAKLIEDVFKIGVRVTVNEDGIVEGDEIKRCIEVVMGGGEKGEEMNKNAKKWRDLAMEAASEGGSVEMNVRAFVDEVEIFFDKS
A0A1J6KIP3	143	UDP-glycosyltransferase g32894		AQQ16706.1	MKTAELVFIPAPGMGHLVPTVEVAKQLVDRDEQLSITVLIMSLPLETKIPSYTKSLSSEYTSRITLLPLSQPETSVSMSSFNAINFFEYISSYKDRVKDAVNETFSSSSSVKLKGFVIDMFCTAMIDVANEFGIPSYVFYTSSAAMLGLQLHFQSLSIECSPKVHNCVDSESEVLISTYINPVPVKCLPGIILDNDESSIMFVNHARRFRETKGIMVNTFAELESHALKALSDDEKIPPIYPVGPILNLGDENEDHNQEYDTIMKWLDEQPNSSVVFLCFGSKGSFEEDQVKEIANALERSGNRFLWSLRRPPPKDKLQFPSEFENPEEVLPVGFFQRTKGRGKVIGWAPQLAILSHPAVGGFVSHCGWNSTLESVRSGVPIATWPLYAEQQSNAFQLVKDLGMAVEIKMDYREDFNKRNPPLVKAEEIEDGIRKLMDSENKIRAKVMEMKDKSRAALLESGSSYVALGHFVETAMKN
I2BHA0	144	UDP-glycosyltransferase 1	UGT85K6	AFJ52996.1	MSEVKQHAVLLPLPAQGHVNPFMQLAKLLHSKGFHITFVNTEYNHRRLIRTRGPEAVKGLSDFQFHTIPDGLPPSDKDATQDPLSLCYSIQHDCLQPFLELLNKLNTSPQIPPVSCIVSDGCMTFGIKAAELLGITQATFWTASACSFMGSLQFEQLVRRGISPLKEANLTDGTLDLHLDWIPGMSNIRLKDLPSFATTTDAEDVMFKFAEIEIENCLKSGAIIFNTFDALEEQVLSAIKMDYYPQPIYTVGPLHLLGKEMLEPATESNSISSNLWKEDLGCMEWLGQREPNSVVYVNYGSVTVMSDENLKEFAWGLANCERPFLWIVRGDVVMGDSGFLPLDFLDEVKDRGFLASWCLQQEVLSHPSVGVFLTHCGWNSMMESLSVGVPMICWPVFGDQQTNCRYACSEWRVGVELSRDVKRNEVTKVIQSVMLEENWKMMKQKSVEWKTRAKDAVSEQGSSFNNFTRFFQDHLQYQS
X5IXP9	145	UDP-glucose dependent p-hydroxybenzoic acid GT		BAO66179.1 UDP-glucose dependent p-hydroxybenzoic acid glucosyltransferase [Delphinium grandiflorum]	MGSDQTLHHHHVLLVSFPSQGHVNPLLRLAKHLASKGLLATFSSTHHIIHKIHKSTGHVQPIDIGGGRLRFESFTDGWEDHDDPRRSDLNVYIPQFQTVGHDSFVQLVKKHSESGTPVSCIISNPFIPWVSDVAAELGIPCALLWVQSCFVYSVYYHYFHNLASFPTVDQPNKSVELPGLPTLESDEIPSFLHPVYSPDKRVLKDVILGQFKNLEKTFCVLVDSFEELERESLKPLLSSAPIIRPIGPLYKWKEEKDVRGDMWSAAEECIEWLDSKPVGSVVYVSFGSVAVLEQQSMEEITRGLLNCGQPFLWVVRPPPKESSKGGGRLPDWLVQQADGKGLVVQWCPQERVLAHPSVACFITHCGWNSSMEILSSGVPIVAAPQWGDQVTNAKFLTDVYGVGVRLLRSENDLNTFSSERVANCIVEVTKGPKAEEFKKNALKWKKAADDAAREGGTSYNNLDKFVMEVQALKQGLCTSEEDPHQS
I2BH64	146	UDP-glycosyltransferase 1	UGT74V1	AFJ52960.1 UDP-glycosyltransferase 1 [Linum usitatissimum]	MTIITVVKQQQQQQEHKNINNNPHVMVLPFPFQGHINPALQFSKLLISKGLNVTLIISLSDHTNKTELTQGQLGSVTLRFLRSQDINLTDEEQDRLGEFVLLEKFKRTVKKKLPEVVSEMRESGSPVACLIYDSVVPWALGIAKEMNILGAPFFTMPCAVDTIFYNYHQGEIKLRRPMDDNDKKAKIRVEGIEEVELEIQDLPSYLHDDVDVNTPQSLTLLSDQFSNVADADWVFCNTFTSLEEKIVEWMGSKLKFKTVGPTIPSMYLGKQQQQPHHDDTLEDHHEYGLSLFQPQSPTRLVNWLNSQTPQSVIYVSFGSVATLSDKQTAEVAAALENIHRPFLWIVRKSEQEKLPPGFFTSDKSGLVVSWCSQLEVLAHKSTGCFVTHCGWNSTIEALSLGVPMVGVPQFADQPTNAKFVEDVWKVGVKVKKSELGIVRKEEIEKKIFEVMEGEKANGIRMNAEKWKSLAQAAVANGGSSDNNIQEFVAQLTNCQLLQSF
T1L1Y2	147	UDP-glycosyltransferase 205B2		AHX56914.1	MVKKLRILCSAMDSQGHVNAILGFAKILEQRGHQVIMALAPGWKAAIEKHNFEFIPLKLASSVKEEKEVKDEKKVGDESNGKDEEANSVKKVEEKSNSNDSKIVDSKSENEPSVNKDKKNSEAPNQQLIAIIKNQVQDFRLRPMEAIQNSARKIDMWLDWYEKQFAFDDALQEVMDAVKPDMIVLDFMLRLPCLEKSSIPWAQLFSCNPIMLYKDHCPPATTGFPTDSPRELWNEYIALREVANKPIVDYINNWLTSRGVRPYAKGEMIPVGESKWLNFYTYPSVLDYNDIAPRPAKWVRMDGSVREPDDKKPFVLPEKLAGKPGSLIYFSLGSMGSVDLELMRRVISVCAKSPHRFIVSKGPLHEQIELPDNMWGERYVNQLAILPHVDLVITHAGNNTLTESLYFGKPVILMPLFFDQLDNAQRAHEKDVGIRIDTYYFQDSDLLDAIEKLLNDEPLKEKLAAISASLKSSTTKETVCELIEKTVALGKSPFDDNQVKQ
Q9LTH2	148	UDP-glucosyl transferase 76E2	UGT76E2	At_76E2	MEEKQVKETRIVLVPVPAQGHVTPMMQLGKALHSKGFSITVVLTQSNRVSSSKDFSDFHFLTIPGSLTESDLQNLGPQKFVLKLNQICEASFKQCIGQLLHEQCNNDIACVVYDEYMYFSHAAVKEFQLPSVVFSTTSATAFVCRSVLSRVNAESFLIDMKDPETQDKVFPGLHPLRYKDLPTSVFGPIESTLKVYSETVNTRTASAVIINSASCLESSSLARLQQQLQVPVYPIGPLHITASAPSSLLEEDRSCVEWLNKQKSNSVIYISLGSLALMDTKDMLEMAWGLSNSNQPFLWVVRPGSIPGSEWTESLPEEFNRLVSERGYIVKWAPQMEVLRHPAVGGFWSHCGWNSTVESIGEGVPMICRPFTGDQKVNARYLERVWRIGVQLEGDLDKETVERAVEWLLVDEEGAEMRKRAIDLKEKIETSVRSGGSSCSSLDDFVNSM
F8WKW0	149	UDP-glucose crocetin glucosyltransferase	UGT75L6	BAK55736.1 UDP-glucose glucosyltransferase [Gardenia jasminoides]	MVQQRHVLLITYPAQGHINPALQFAQRLLRMGIQVTLATSVYALSRMKKSSGSTPKGLTFATFSDGYDDGFRPKGVDHTEYMSSLAKQGSNTLRNVINTSADQGCPVTCLVYTLLLPWAATVARECHIPSALLWIQPVAVMDIYYYYFRGYEDDVKNNSNDPTWSIQFPGLPSMKAKDLPSFILPSSDNIYSFALPTFKKQLETLDEEERPKVLVNTFDALEPQALKAIESYNLIAIGPLTPSAFLDGKDPSETSFSGDLFQKSKDYKEWLNSRPAGSVVYVSFGSLLTLPKQQMEEIARGLLKSGRPFLWVIRAKENGEEEKEEDRLICMEELEEQGMIVPWCSQIEVLTHPSLGCFVTHCGWNSTLETLVCGVPVVAFPHWTDQGTNAKLIEDVWETGVRVVPNEDGTVESDEIKRCIETVMDDGEKGVELKRNAKKWKELAREAMQEDGSSDKNLKAFVEDAGKGYQAESN
A0A024AX02	151	Nt_UGT C-term		Nt_UGT1	MAETAIVTKSENPHIVILPSPGMGHLIPLVEFSKRLISQHQFSVTLILPTDGPISNSQKSFLNSLPSCMDYHLLPPVNFDDLPLDVKIETRISLTVTRSLSSLREVFKTLVDSKKVVAFVVDLFGTDAFDVAIDFNVSPYIFFPSTAMALSLFLYLPKLDATVSCEYRDLPDPIQIPGCIPIHGKDLLDPVQDRKNEAYRWLLHHSKRYRMAEGVVSNSFKELEGGPIKALQEEEPGKPPVYPVGPLIQMDSGSKVDGSGCLTWLDEQPRGSVLYVSYGSGGTLSHEQLIEVASGLEMSEQRFLWVIRCPNDTVANATYFNVQDSTNPLDFLPKGFLERTKGLGLVVPNWAPQAQILSHGSTGGFLTHCGWNSTLESVVHGVPLIAWPLYAEQKMNAVMLTEDIKVALRPKANENGLVGRLEIAKVVKGLMEGEEGKGVRTRMRDLKDAAAKVLSQDGSSTKALAELATKLKNKVLIN
Q9LVR1	153	At_UGT72E2	UGT72E2	At_72E2	MHITKPHAAMFSSPGMGHVIPVIELGKRLSANNGFHVTVFVLETDAASAQSKFLNSTGVDIVKLPSPDIYGLVDPDDHVVTKIGVIMRAAVPALRSKIAAMHQKPTALIVDLFGTDALCLAKEFNMLSYVFIPTNARFLGVSIYYPNLDKDIKEEHTVQRNPLAIPGCEPVRFEDTLDAYLVPDEPVYRDFVRHGLAYPKADGILVNTWEEMEPKSLKSLLNPKLLGRVARVPVYPIGPLCRPIQSSETDHPVLDWLNEQPNESVLYISFGSGGCLSAKQLTELAWGLEQSQQRFVWVVRPPVDGSCCSEYVSANGGGTEDNTPEYLPEGFVSRTSDRGFVVPSWAPQAEILSHRAVGGFLTHCGWSSTLESVVGGVPMIAWPLFAEQNMNAALLSDELGIAVRLDDPKEDISRWKIEALVRKVMTEKEGEAMRRKVKKLRDSAEMSLSIDGGGLAHESLCRVTKECQRFLERVVDLSRGA
O81498	154	At_UGT72E3	UGT72E3	At_72E3	MHITKPHAAMFSSPGMGHVLPVIELAKRLSANHGFHVTVFVLETDAASVQSKLLNSTGVDIVNLPSPDISGLVDPNAHVVTKIGVIMREAVPTLRSKIVAMHQNPTALIIDLFGTDALCLAAELNMLTYVFIASNARYLGVSIYYPTLDEVIKEEHTVQRKPLTIPGCEPVRFEDIMDAYLVPDEPVYHDLVRHCLAYPKADGILVNTWEEMEPKSLKSLQDPKLLGRVARVPVYPVGPLCRPIQSSTTDHPVFDWLNKQPNESVLYISFGSGGSLTAQQLTELAWGLEESQQRFIWVVRPPVDGSSCSDYFSAKGGVTKDNTPEYLPEGFVTRTCDRGFMIPSWAPQAEILAHQAVGGFLTHCGWSSTLESVLCGVPMIAWPLFAEQNMNAALLSDELGISVRVDDPKEAISRSKIEAMVRKVMAEDEGEEMRRKVKKLRDTAEMSLSIHGGGSAHESLCRVTKECQRFLECVGDLGRGA
A6XNC6	156	Mt_UGT78G1	UGT78G1	Mt_78G1	MSTFKNEMNGNNLLHVAVLAFPFGTHAAPLLSLVKKIATEAPKVTFSFFCTTTTNDTLFSRSNEFLPNIKYYNVHDGLPKGYVSSGNPREPIFLFIKAMQENFKHVIDEAVAETGKNITCLVTDAFFWFGADLAEEMHAKWVPLWTAGPHSLLTHVYTDLIREKTGSKEVHDVKSIDVLPGFPELKASDLPEGVIKDIDVPFATMLHKMGLELPRANAVAINSFATIHPLIENELNSKFKLLLNVGPFNLTTPQRKVSDEHGCLEWLDQHENSSVVYISFGSVVTPPPHELTALAESLEECGFPFIWSFRGDPKEKLPKGFLERTKTKGKIVAWAPQVEILKHSSVGVFLTHSGWNSVLECIVGGVPMISRPFFGDQGLNTILTESVLEIGVGVDNGVLTKESIKKALELTMSSEKGGIMRQKIVKLKESAFKAVEQNGTSAMDFTTLIQIVTS
