Protein	Accession	AA
UGT71G1	Q5IFH7	MSMSDINKNSELIFIPAPGIGHLASALEFAKLLTNHDKNLYITVFCIKFPGMPFADSYIKSVLASQPQIQLIDLPEVEPPPQELLKSPEFYILTFLESLIPHVKATIKTILSNKVVGLVLDFFCVSMIDVGNEFGIPSYLFLTSNVGFLSLMLSLKNRQIEEVFDDSDRDHQLLNIPGISNQVPSNVLPDACFNKDGGYIAYYKLAERFRDTKGIIVNTFSDLEQSSIDALYDHDEKIPPIYAVGPLLDLKGQPNPKLDQAQHDLILKWLDEQPDKSVVFLCFGSMGVSFGPSQIREIALGLKHSGVRFLWSNSAEKKVFPEGFLEWMELEGKGMICGWAPQVEVLAHKAIGGFVSHCGWNSILESMWFGVPILTWPIYAEQQLNAFRLVKEWGVGLGLRVDYRKGSDVVAAEEIEKGLKDLMDKDSIVHKKVQEMKEMSRNAVVDGGSSLISVGKLIDDITGSN
UGT78G1	A6XNC6	MSTFKNEMNGNNLLHVAVLAFPFGTHAAPLLSLVKKIATEAPKVTFSFFCTTTTNDTLFSRSNEFLPNIKYYNVHDGLPKGYVSSGNPREPIFLFIKAMQENFKHVIDEAVAETGKNITCLVTDAFFWFGADLAEEMHAKWVPLWTAGPHSLLTHVYTDLIREKTGSKEVHDVKSIDVLPGFPELKASDLPEGVIKDIDVPFATMLHKMGLELPRANAVAINSFATIHPLIENELNSKFKLLLNVGPFNLTTPQRKVSDEHGCLEWLDQHENSSVVYISFGSVVTPPPHELTALAESLEECGFPFIWSFRGDPKEKLPKGFLERTKTKGKIVAWAPQVEILKHSSVGVFLTHSGWNSVLECIVGGVPMISRPFFGDQGLNTILTESVLEIGVGVDNGVLTKESIKKALELTMSSEKGGIMRQKIVKLKESAFKAVEQNGTSAMDFTTLIQIVTS
OleD	Q3HTL6	MTTQTTPAHIAMFSIAAHGHVNPSLEVIRELVARGHRVTYAIPPVFADKVAATGARPVLYHSTLPGPDADPEAWGSTLLDNVEPFLNDAIQALPQLADAYADDIPDLVLHDITSYPARVLARRWGVPAVSLSPNLVAWKGYEEEVAEPMWREPRQTERGRAYYARFEAWLKENGITEHPDTFASHPPRSLVLIPKALQPHADRVDEDVYTFVGACQGDRAEEGGWQRPAGAEKVVLVSLGSAFTKQPAFYRECVRAFGNLPGWHLVLQIGRKVTPAELGELPDNVEVHDWVPQLAILRQADLFVTHAGAGGSQEGLATATPMIAVPQAVDQFGNADMLQGLGVARKLATEEATADLLRETALALVDDPEVARRLRRIQAEMAQEGGTRRAADLIEAELPARHERQEPVGDRPNGG
UGT84C2	C4MF33	MGEEAVVSTVAAAAMSSAPHLLLICFPGQGHVNPMLRLAKRFAAKGLLVTFSSTSDVVAKITASTGVEAGGDGVPLGLGRIRFEFLDDHSEGLTDLDPLMRHLQTVGPPAFVELIRRQEEAGRPVSCVVGNPFLPWAIDVAHDAGIPSAVLWVQSCAVFSLYYHHVHGLVEFPPEDDLEALVKLPGLPAMSVADVPSFLLPSNPYKLLANEILKQFRTIHKASWVFVNSFSELERDVVDALPGVSPAPPPLIPVGPLVELAEDASVRGDMLKAADDCVGWLDTQAPRSVVYASLGSVVVLSAEQLAELAYGLASSGRPFLWVVRPDSSAMLPEGYLESIAGRGMVVPWSPQDLVLAHPSTACFLTHCGWNSTLETLAAGVPVVAFPQWGDQCTDAKYLVEEFKMGVRIGAPLRRDAVRDAVEDAVAGPDAAAMAENARAWSAAATTAVSSGGSSDRHVQAFVDEVVARAGGARADKDHLAVEQKASIGMTSVAA
UGT710E5	C4MF35	MSLLCDRSNGTGRRVVIIPLPYLGHMTPMFRLAAALHARGHAITVLHTELHAPDPASYPSDYRFVGVGVPAAELPAASEDIAAFLVALNDSCAAAFKDRLAAMLAAEGSVCCVVTDVVWFSAQAAARELGVPALALMTSSAASFRTFMAYPALLANGHLPYDESRRDHLVEELPPFRVRDLQRIDTSSLDTFAGLLERFVDGARRSSGLILNTFHSIEDQEVRNIRDGLAVPVFPVGPLNKISSSPPPLPQDQDQDQDCLILDWLDTKPTGSVLFVSLGSVATVDAQELAELARGLADTGHPFLWVVRPGMIRGGPPDLDLELPADRGMVVPWAPQEEVLRHAAVGAFLTHSGWNSTVEALSEGVPMACLPCFGDQLGTARYACHVWRVGVEVQGIKRDTVRSAIHRLMGPGAIEEGKEIRERAHDLKSKVGQSIAQGGSSHMALLGLLEKIACF
UGT709A10	C4MF39	MEPAAAAAAAHVLVFPWPLQGHINCMHHLATALLDAGLHVTFLHTHHNLRRLATKPAPAPSQPRLRLLSIPDGLPEDHPRSVAHLNDLMDSMRTTGSAAYRALLLASSSNKDGHPPVTCVIADGVMAFAVDVAEEVGVPAIAFRTASACSFLTYLSVRRLVELGEFPFPSDQPVSGVPGMEGFLRRRDLPRAPRPAGSATDDCGVDPMLLNMGECTVHSGEARALILNTSASMEGPALAQIAPHMRDVFSVGPLHVAAGTGTKSTAPTASLWREDDGCMAWLDGQQDRSVVYVSLGSLTVISEEQLAEFLSGLAATGYAFLWVLRPDMVAGGTTSLAAVKTLVGEKARVVHWAPQRDVLRHPAVGCFLTHAGWNSTLEAAYEGVPMVCWTFFGDQLINSRFVDTVWQTGVDIKDVCDRAVVEKAVREAMESAQIRAAAQAMARQLRLDVADGGSSSSEIKRLVAFIRDLL
UGT99C4	C4MF42	MAPTETAAPPPPPPHFVLVPLIGQGHTIPMGDLACLLAERGARVSLVTTPVNAARLQGVADRARRARLPLEIVELPLPPADDGLPPGGENSDSIIRLLLALYRLAGPLEAYVRALPWRPSCIISDSCNPWMAGVARSVGVPRLFFNGPSCFYSLCSHNVARHGLLHDGEGEGERDAYVVTGVPVRVEMTKDTWSAALLTCMPKWEAFLQDVREGMRTADGAVVNTFLDLEEQFVACYRTALGKPVWALGPFFLGNRDEEAVAARGGKDKPSAVAQSAVTAWLETMDQSTVTYVCFGSFARMLPKQLYEVGHGLEDSGKPFLLALKESETALPEAQEWLQALEARTAGKGLVVRGWAPQLAILSHRAVGGFVTHCGWNSLLESVAHGVPVVTWPHSGDQFLNERLAIEVLGVGAPVRGAVVPVTPFDESKAVAPVLRGHIAEAVSELMGGGAVARERRRKCKEYGERAHAAIAKGGSSHENLTQLLQSFMRSGSKEQ
UGT74H7	C4MF43	MGAEPGHVYCDIHVLVLPYPLQGHINPMLQFAKRLARTQTHIGGGGGVRCTLAVTPYLLGQCQDPCPGAVHLAEISDGFDRAGFLEVGDVAAYLAQLESAGSRTLDELLRSEAEKGRKVCAVVYDSFLQPWAPPVARRHGAACVSFFTQAPAVNLAYAHHARGGGTGGRLEGLPAGFEHEDLPTFLTMPDDCPPYLEMLLRQHVGLDAVDHVLVNSFHELQPLESDYMASKWGAKTVGPTVPSAYLDKRIPDDVSYGFHLYTPTTATTTAWLDAQPPRSVAYVSFGSMAAPGPEQMAEMAEGLHSSGKAFLWVVRASEASKIPDGFSEKVGTRGLVVPWVAQLEVLAHSAVGCFVTHCGWNSTMEALGAGLPMVAVPQWSDQPTNAKYVEDVWCVGVRARRDPEAGVVRREEVERCVKEVMGADKQYARNASDWKEKAVRSMCQGGSSEKNITEFLHALRSRKSQKSTQPKQI
UGT98B4	C4MF44	MTFARGNVHSGSASAHFVLVPMMAQGHTIPMTDMARLLAEHGAQVSFVTTPVNASRLAGFIADVEAAGLAIRFVELHFPTTEFGLPDGCENLDLIQAKGLFLNFMEACAALREPLMAHLREQHQLSPPSCIISDMMHWWTGDIARELGIPRLTFIGFCGFSSLVRYIISQNNLLENMTDENELITIPGFPTHLELTKAKCPGSLCVPGMEKIREKMIEEELRSDGEVINSFQELETVYIESFEQVAKKKAWTVGPMCLCHRDSNTMAARGSKASMDEAQCLQWLDSMKPGSVIFVSFGSLAATTPQQLVELGLGLEASKKPFIWVIKAGPKFPEVEEWLADGFEERVKDRGMIIRGWAPQMMILWHQAIGGFMTHCGWNSTVEGICAGVPMITWPHFAEHFLNEKLVVDVLKTGLEVGVKGVTQWGNTEQEVMVTRDAVETAVYTLMGEGKAAEELRMRAKHYAIKARRAFDEEGSSYNNVRLLIQEMGNNTNACG
UGT85B2	C4MF45	MASRQYHVVMVPYPAQSHVAPLMQLARLLHARGAHVTFVHTQFNYRRLVDAKGEAAVRPSSSTGFCVEVIDDGLSLSVQQHDVAAVVDALRRNCQGPFRALLRKLSSAMPPVTTVVADTVMTFAATEAREAGIPDVGFFTASACGLMGYFQFGELIKRGLVPLQDASCLATPLHWVPGMNHMRLKDMPSFCHTTDPDDTMVAATLEQMNTALGAKAIVLNTFYELEKDVVDGLAAFFPPLYTVGPLAEVDSGGSDSLLGAIDISIWQEDAQCLAWLDDKKASSVVYVNFGSIHVMTAAQLREFALGLASCGFPFLWIKRPDVVVDGEEDAVLPEEFLAAVARGAGLVVPWCAQPAVLKHPAVGLFVTHCGWNSLLEAAAAGMPLLCWPLFAEQTTNCRQVCECWGNGAEIPKEVEHGAVSALVREMMEGELGREKRAKAAEWKAAAQTAIVEGGSSCRSVDRLVEDILLIPSQRK
UGT74H5	C4MF47	MGAEWEHVSDIHVLLLPYPVQGHINPMLQFGKRLAHIGGVGVRCTLAITPYLLRQCQDPCPGAVHLVEISDGFDSAGFEEVGDVAAYLAGMESAGSRTLDELLRSEAEKGRPIHAVVYDAFLQPWVPRVARLHGAACVSFFTQAAAVNVAYSRRVGKIEEGLPAGFEAEDLPTFLTLPLPYQDMLLSQFVGLDAVDHVLVNSFHELQPQESAYMESTWGAKTVGPTVPSAYLDKRITDDVSYGFHLYTPMTATTKAWLDAQPPRSVTYVSFGSMATPGPTEMAEMAEGLHSSGKAFLWVVRASEASKIPDGFQERVGGRGLVVTWVAQLEVLAHGAIGCFVTHCGWNSTMEALGAGVPMVAVPQWSDQPTNAKFVEDVWCVGVRARRDPEGVVRREELERCIREVTGDDKYACNALDWKEKSKRAMSQGGSSDMNITEFLQALRRSRKSYEAKPIEPLLVGLDA
UGT88C4	C4MF49	MGVATISAVPRKLAVLYPSPGMGHIVSMIELGKIFVARGLAVTIVVIDLPNNTGSSATGPFLAGVSAANPSISFHRLPQVKLPHVESRHIETLNFEVARAANPHLRDFLAGISPDIFIADFFCHVARDVASELGIPFYFFFTSGAEVLAVLLHLPVLHSQSTASFQDMGEELVHVPGIPSFPASHSMLPVMDRDDAAYMAFVNVCSDLCRSQGIIVNTFSSFEPRAIEAIAAGLCTPAGLPIPALHCIGPLIKSEEVGVKRGDECMAWLDTQPKDSVVFLCFGSLGRFSGKQIREVALGLEASGQRFLWVVKSPPNDDPAKKFENPSEKPDLDALLPEGFLDRTKDKGLVVKSWAPQRDVLMHAAVGGFVTHCGWNSVLESVMAGVPMLAWPLYAEQRMNKVFLEEELGLAVAVEGYDKEVVEAREVAAKVKWMMDSDGGRVIRERTQAAMRQAKKGMGEGGESEVTLAGLVDAWTTHA
UGT85F13	C4MF50	MGSMEQKPHAVCVPFPAQGHITPMLKVAKLLHARGFHVTFVLTDYNYSRLLRSRGAAAFDGCPGFDFTSIPDGLPPSDAEATQDIPALCRSTMTSCLPHVRALLARLNGPASAVPPVTCLLCDACMSFAYDAAKEIGLPCAGLWTASGCGFMAYNYYKNLVEQGIVPLKDQAQLTDGYLDTVVHGVPGVCDGFQLRDFPDFIRTTDPDDIMLNFLIRETARAASLPDAVIINSFDDLEQRELHAMRAILPPVCALGPLLLHVRRLVHKGSPLDVAVQSNLWKEQDGLLDWLDGRPPRSVVYVNYGSITVMTNEQMLEFAWGLANSGYPFLWNVRPDLVKGDAAVLPPEFSAAIEGRGLLTTWCPQEKVIVHEAVGVFLTHSGWNSTLESLCAGVPMLSWPFFAEQQTNCRYKRTEWGVGMEIGGEVRRAEVAAKIQEAMEGEKGKEMRRRAAEWKEKAARATLPGGAAEANLDKLIHVLHGKTGQALKRV
UGT93B9	C4MF51	MGSEHHAMGSVAVVAVPFPAQGHLNQLLHLSLQLASRGADVHYAAPAPHIRQARARVHGWDQEALRSIQFHDLAISSYDSPPPDPTADSPFPSHIMPLTVAYITGARAPLAALLHELSGSRRRVVVVHDRINAFAHEEAARLPNGEAFGLHCLAVSLLVGHIDAELLREKGLVYTGVERHATKEFLEWARRARPSRQISPGAGVLANTCRALEGEFVDVVAGHLAPDGKKIFAIGPLNPVLPASASNQGKQQRHECLGWLDEQPPASVLYVSFGTTSSLRDEQIQELAAALRGSKQRFIWVLRDADRGDIFAEAGESRHQKLLSEFTNNTEQTGLVITGWAPQLEILAHGATAAFMSHCGWNSTVESLSHGKPILAWPMHCDQPWDAELVCNYLKAGILVRPWEKHSEVIAAHAIQEVIEEAMLSDRGIAVRQRAKALGDAVRDSVADGGSSRKDLDDFIAYITR
UGT703A5	C4MF52	MAVKDEQQSPLHILLFPFLAPGHLIPIADMAALFASRGVRCTILTTPVNAAIIRSAVDRANDAFRGSDCPAIDISVVPFPDVGLPPGVENGNALTSPADRLKFFQAVAELREPFDRFLADNHPDAVVSDSFFHWSTDAAAEHGVPRLGFLGSSMFAGSCNESTLHNNPLETAADDPDALVSLPGLPHRVELRRSQTMDPKKRPDHWALLESVNAADQKSFGEVFNSFHELEPDYVEHYQTTLGRRTWLVGPVALASKDMAGRGSTSARSPDADSCLRWLDTKQPGSVVYVSFGTLIRFSPAELHELARGLDLSGKNFVWVLGRAGPDSSEWMPQGFADLITPRGDRGFIIRGWAPQMLILNHRALGGFVTHCGWNSTLESVSAGVPMVTWPRFADQFQNEKLIVEVLKVGVSIGAKDYGSGIENHDVIRGEVIAESIGKLMGSSEESDAIQRKAKDLGAEARSAVENGGSSYNDVGRLMDELMARRSSVKVGEDIIPTNDGL
UGT93B8	C4MF56	MAIMKDATATERVAVVAVPFPAQGHLNQMLHLSLQLASRGGLELEVHYAAPEQHVRQARARVHGWGDEALRSIHFYDLGISSYISPPPDPTADSPFPSHLMPLYEAYTASARAPLAALLDTLSGSRRRVVVVHDRINAFAIQEAARLPNGEAFGLHCLALSMLVGQADPDHRVLRDNGLVFSGVEQYATEEFLEYRRRARPSKQISPGAGVLTNTCRAIEGEFIDVVAAHLAGDGKKKLFAIGPLNPLVAPAAAPKRSPHAHECLDWLDQQPPASVLYVSFGTSSTLPAEQIQELAAALRDSKQRFIWVLRDADRGDIFMAEDGGESRRHEKLLPEFTQGTGMVITGWAPQLEILAHRATAAFMSHCGWNSTMESLSHGKPILAWPMHCDQPWDAQLVCNYLKAGILVRPWEKHGEVIAANAIQRVIEDAMLSDKGMEVRRRAMALGDSVRASMADGGPSSKSQDDFIAYITSR
UGT74H6	C4MF58	MGAEPGHVYCDIHVLVLPYPLQGHINPMLQFAKRLARTQTHIGGGGGGGGGVRCTLAVTPYLLGQCQDPCPGAVHLAEISDGFDRAGFLEVGDVAAYLAQLESAGSRTLDELLRSEAEKGRKVCAVVYDSFLQPWAPPVARRHGAACVSFFTQAPAVNLAYAHHARGGGTGGRLDGLPAGFEHEDLPTFLTMPDDCPPYLEMLLRQHVGLDAVDHVLVNSFHELQPLESDYMASKWGAKTVGPTVPSAYLDKRIPDDVSYGFHLYTPTTATTTAWLDAQPPRSVAYVSFGSMAAPGPEQMAEMAEGLHSSGKAFLWVVRASETSKIPDGFSERVGTRGLVVPWVAQLEVLAHSAVGCFVTHCGWNSTMEALGAGLPMVAVPQWSDQPTNAKYVEDVWCVGVRARRDPESGVVRREEVERCVKEVMGADKQYARNASDWKEKAVRSMCQGGSSDKNITEFLHALVVGSRKSQKLII
UGT710F3	C4MF59	MARDDQVYDAVRRRVVLFPLPFQGHISPMLHLAELLHARGLAVTVLHTDFNAPDPARHPEFAFVPIRETLPDGAASPETDIVAQLLALNGACEAPFREALASLLLGQRPPDPDVACVVVDGQWYTALGAASGLGLPVLTLRTESAATFRSMLAFPRLRDAGYLPIKDERLDELVAELDPLRARDLIRIDGSDEDALRGFIARVADAMRVSASGVVLNTFDAIEGLELAKIQDELSCPAFAVGPLHRMCRAPAEHSLHEPDRSCLAWLDAHPPRSVLYVSLGSVANVGPGVFEEMAWGLASSGVPFLWVVRPGSVHGTEGTPRMPDGADEEVRSRGKVVAWAPQRGVLAHEAIGAFWSHCGWNSTLESVCEGVPVLAQPCFADQTVNARYLTHQWGVGLELGDVIERATVAETVRMMMTGKEGDRVRERARQLKLQADQCVATSLAIDNLAQYMLSI
UGT705A4	C4MF38	MASNDNVPTAVTSSINKKLRVLLIPILATSHIGPFTELAISLAATNDAVEATVAVTPANVSIVQSMLEHRGGHSVKVATYPFPAVDGLPEGVENFGSAATPEQSMCIMVATKSEALTRPVHETLIRSQSPDAVVTDMTFLWNSGIAAELGVPCVVFSVMGAFSMLAMHHLEDAGVDRDDQDDDDDDDAVVEVPGFPGPPIRIPRTELPGFLRRPDYSITNLFISLKAANCFGLAMNTSSELEKQYCELYTTPPEEGGGGLRRAYFLGPLALALPPPISSSSSSSSDCCSIMAWLDSKPSRSVVYVSFGSMAHVKDVQLDELALGLETSGISFLWVVRGREEWSPPKGWEARVQDRGFIIRAWAPQISILGHHAAGAFVTQCGWNSVLETVAAAVPMLTWPLAFEQFITERLVTDVLGIGVRLWPDGAGLRSESYQEHEVIPRQDVARALVEFMRPAAGGPSSIRDMARTKLMDLSAKLHAAVAQGGSSHRDLHRLVDDLLMEAAAKRPRT
UGT75E3	C4MF48	MGEAHVGVKGHFFVAAYSMQGHINPARCLARRLASIGGPATAVTMAIPACGYRCIFGSDEEVDDGAVSYVPFSDGKDDGSWAKDPEERAWMRGECFKNLLAVVDRLAASGRPVTCVVSTLNMPPAIDVARERGIPLAVFWTQPATMLATYYHYFHGFEEAVVSHAADPAYEARLPGGLRPVRIRDMPSFFTDKANLLSQMILRGFRELFQTIDEKRPLLLVNTFGALEETALRAIQPYLDVLAVGPMLPPAPAPHGHGDELEAMHLFRLDGKYMEWLDAQPAKSVVYISFGSLATYSGRQTEEILHGLRRCGRPYLWVVRGEGRTEEVDRVLQTAAAGSGAGTGMVVEWCDQLRVLSHASVACFVTHCGWNSTLEAVASGVPAVAVPGWSDQSMNARLMEEDWGVGVRAERDADGVLRGDELARCVELVMAGDADAAVKQANARLLKAKAQEAVASDGPLRRFVRRYIQDPSA
UGT75E2	C4MF57	MAEMERLPHPHGRSSNGERRHFLLVAYGSQSHLNPCRVLARSLVQLHDADGSGPVLATLSVPLFTHRRMFPSSCSGVPEDEDTTDGVISYAPYSDGVDDGTNAKDAEGRARRRRASFESLSAIVARLAARGRPVTCVVCSLVLPYALDVAREHAIPMAVFWIQPATVLAAYYHYFHGYGELITSHAADPAYEVTLPGLCQPLRTRDFPSFLVDTTGGEVAKSVNDLFRELFEFMDAQGQRAKFLVNTFEKLEPAALASMRQHLDVFAVGPVMGSSAVARIHLFHHAGADKKRYMEWLGAQPEISVVYISFGSVWTYSKQQMEEIMHGLRQCGRPYLLVVRKDDRQEDVSSCLDDVVREGRGMVVEWCDQPAVLSHPSVGCFLTHCGWNSTLEAMAMGVPVVAAPSMLDQPTNAFLIEGEWKAGVRGECNGEGVFTGAELARCVEMVMSSGARALEIRQRAEALKGMAREAAASGGPAERSLRNFVTAASGADKTSTKDIPPTMSESI
UGT72B10	B6EWZ3	MAETPVVTPHIAILPSPGMGHLIPLVEFSKRLIQNHHFSVTLILPTDGPVSNAQKIYLNSLPCSMDYHLLPPVNFDDLPLDTKMETRISLTVTRSLPSLREVFKTLVETKKTVALVVDLFGTDAFDVANDFKVSPYIFYPSTAMALSLFLYLPKLDETVSCEYTDLPDPVQIPGCIPIHGKDLLDPVQDRKNEAYKWVLHHSKRYRMAEGIVANSFKELEGGAIKALQEEEPGKPPVYPVGPLIQMDSGSGSKADRSECLTWLDEQPRGSVLYISFGSGGTLSHEQMIELASGLEMSEQRFLWVIRTPNDKMASATYFNVQDSTNPLDFLPKGFLEKTKGLGLVVPNWAPQAQILGHGSTSGFLTHCGWNSTLESVVHGVPFIAWPLYAEQKMNAVMLSEDIKVALRPKANENGIVGRLEIAKVVKGLMEGEEGKVVRSRMRDLKDAAAKVLSEDGSSTKALAELATKLKKKVSNN
UGT74P1	B6EWX1	MEEIPNKSHVLVLPFPVQGHINPMVQFSKRLASRGVKVTLITIDSISKSMPMESNSIKIESIPHNDSPPDSYDNFLEWFHVLVSKNLTQIVEKLYDLEYPVKVIVYDSITTWAIDLAHQLGLKGAAFFTQSCSLSVIYYHMDPEKESKVSFEGSAVCLPSLPLLEKQDLPSFVCQSDLYPSLAKLVFSRNINFKKADWLLFNSFDVLEKEVINWLRSQYRIKTIGPIIPSMYLDKRLKDDKEYGLSLFKPNSETCMKWLDSREFGSVVYVSFGSLANLGEQQMEELATGLMMSNCYFLWVVRATEENKLSEEFMSKLSKKGLIVNWCPQLDVLAHQAVGCFFTHCGWNSTLEALSLGVPMVAMPQWSDQPTNAKFISDVWQTGLRVKAGENGVITRDEVASSIREVMEEEKGVMLKKNAIKWKQLAKEAVDVGGSSDKNIEEFLSNL
UGT73E5	B6EWX2	MATQLVHQLHFILFPLMAPGHMIPMIDIAKLLANRGAITTIITTPVNANRFSSTINHATQTGQKIQILTVNFPSVEVGLPEGCENLDMLPSLDMASKFFAAISMMKQQVESLLEGLNPKPSCIISDMGLPWTTEIARKNSIPRIVFHGTCCFSLLCSYKILSSKVLENLTSDSEYFVVPDLPDRVELTKAQVSGSAKSSSSASSSVLKEVIEQIRSAEESSYGVIVNSFEELEPIYVEEYKKARAKKVWCVGPDSLCNKDNEDLVTRGNKTAIANQDCLKWLDNKEARSVVYASLGSLSRLTVLQMAELGLGLEESNRPFVWVLGGGGKLDDLEKWILENGYEERNKERGLLIRGWAPQVLILSHPAIGGVLTHCGWNSTLEGISAGLPMVTWPLFAEQFCNEKLVVQLQKIGVSLGVKVPVKWGDEENVGVLVKKDDVKKALDKLMDEGEEGQVRRTKAKELGELAKKAFEEGGSSYVNLTSLIEDIIEQQNHKKNSQDSYE
UGT73A10	B6EWX3	MGQLHFFLFPMMAQGHMIPTLDMAKLIASRGVKATIITTPLNESVFSKAIQRNKQLGIEIEIEIRLIKFPALENDLPEDCERLDLIPTEAHLPNFFKAAAMMQEPLEQLIQECRPDCLVSDMFLPWTTDTAAKFNIPRIVFHGTNYFALCVGDSMRRNKPFKNVSSDSETFVVPNLPHEIKLTRTQVSPFEQSDEESVMSRVLKEVRESDLKSYGVIFNSFYELEPDYVEHYTKVMGRKSWAIGPLSLCNRDVEDKAERGKKSSIDKHECLEWLDSKKPSSIVYVCFGSVANFTVTQMRELALGLEASGLDFIWAVRADNEDWLPEGFEERTKEKGLIIRGWAPQVLILDHESVGAFVTHCGWNSTLEGISAGVPMVTWPVFAEQFFNEKLVTQVMRTGAGVGSVQWKRSASEGVEKEAIAKAIKRVMVSEEAEGFRNRARAYKEMARQAIEEGGSSYTGLTTLLEDISSYESLSSD
UGT75A2	B6EWX4	MENLKNEKSHVLIAIFPGQGHINPSLQLSKQLIKLGVEVTLSSSLSAFNKIKKLPNIQGLRFAPFSDGYDGKFKGSFDEYHLLNSSIMSHGSEFILNLIKSNSKNGPPFSHVIYTPLMDWAGSVAKKINIPSTLFWTQPATVFDIYYYRFTDYSDYFKNCDSQDKIIELPGLPPLSPIDFPSFVFDDVECNNWAVESIKRQIEILNNEEYPSILVNTFDDLEFDALRILKNVTMVAIGPTIPSNFLDEKKNPCNNSFGADMIEISSKNYMEWLDLRPNESVIYIAFGSYTEISTQLMEEIGQGLLKCGRPFLWVIREGPNGEKPEEKLSCKDALEKKGEIVRWCSQVEVLKHPSIGCFLTHCGWNSTLESIASGVPVVACPIWNDQVCNAKLVQDVWKNGVRVNVGEGSITQRIEFERCIEIAMGGSKEGEELRKNAKKWRDLAKAAMKENDSSNVNLKAYVNEFLLGRHC
UGT74N1	B6EWX5	MTTHKAHCLILPYPLQGHINPMLQFSKRLQSKGVKITIAPTKSFLKTMQELPTSVSIEAISDGYDDGGIDQAESFLAYITRFKEVGSDTLTQLIQKLTNCECPVNCIGYDPFLPWAVEVAKNFGLVSAAFFTQNCTVDNIYYHVHKGVIKLPPTEVDEQILIPGLSSTTVESSDVPSFESSPQSDKLVELLVNQFSNLEKVDWVLINSFYKLEKEVIDWMAKLYPIKTIGPTIPSMYLDRRLPNDKEYGLSLFKPMANECLNWLNNQPISSVVYVSFGSMAKVEAEQLEEVAWGLKNSNKNFLWVVRSTEEPKLPKNLLEELKSTCENNKGLVVSWCPQLQVLEHNSIGCFLTHCGWNSTLEAISLGVPMVTMPQWSDQPTNAKLVQDVWQMGVRAKQDEKGIVRRDIIEECIKLVMEEEKGKVIMENVKKWKELARNAMDEGGSSDKNIEEFVSKLVKEI
UGT71A12	B6EWX6	MGHLVSTVEMAKQLVDREDQLSITVLIMTLPTETKIPSYTKSLSSNYTSRIRLLELTQPETSVNMGSATHPMKFMSEFITSYKGRVKDAVADMFSSLSSVKLAGFVIDMFCTAMIDVANDFGVPSYLFYTSGAAMLGLQFHFQSLISQNVLSYLDSESEVLIPTYINPVPVKFLPGLILDNDEYSIMFLDLAGRFKETKGIMVNTFVEVESHALKALSDDEKIPPIYPVGPILNLGGGNDGHGEEYDSIMKWLDGQPNSSVVFLCFGSMGSFEEDQVKEVANALESSGYQFLWSLRQPPPKDKLQFPSEFENLEEVLPEGFLQRTKGRGKMIGWAPQVAILSHPSVGGFVSHCGWNSTLESVRSGVPMATWPMYAEQQSNAFQLVKDLEMAVEIKMDYRKDFMTINQPVLVKAEEIGNGIRQLMDLVNKIRAKVRKMKEKSEAAIMEGGSSYVALGNFVETVMKS
UGT84A12	B6EWX7	MVSFPGQGHVNPMLRLGKRLAAKGILVTFSTAESYGCQMRKTNNNLSDEPTPCGSGMIRFEFIDDAWDYSKPGGNDLGLYMQHLESVGKQVLPQMIEENKKRGRPVSCLVNNPFIPWVSDVAEILGIPSAVLWVQSAASFSCYYHYMHKLVPFPTESEPKLEVQLPAMPLLKHDEIPSFLHPASPYTMLKKAILGQFNKSSPFCILMDTFQELELELVEHLSKLCPIKTVGPLFKHPKLSSPDGEDFRGDLLTSDSGVMQWLDSKPSSSVVYISFGSVVILKQEQIDELAYGLLNSGVNFLWVLKEPSPGTSYLPVKLPDGFLDKAGDRAKIVQWCPQEQVLAHPSLACFLTHCGWNSTMEAVSIGTPIIAFPQFGDQVLDAKYLVDVFKVGIRLCRGEDENRIIPRDEVEKCVREATSGAKATEMKENALKWKKAAADAVTEGGSSQLNLQAFIDDIVATCTAEKFKKAGLQ
UGT74N2	B6EWX8	MTTHRAHCLILPYPSQGHINPMLQFSKRLQSKGVKITIATTKSFLKTMQELTTSVSIEAISDGYDDGGRDQAGSFVAYITRFKEVGSDTLAQLIKKLANSGCPVNCIVYDPFLPWAVEVAKDFGLVSAAFFTQNCAVDNIYYHVHKGVLKLPPTQDDEEILIPGFSCPIESSDVPSFVISPEAARILDMLVNQFSNLDKVDWVLINSFYELEKEVIDWMSKIYPIKTIGPTIPSMYLDNRLPDDKEYGLSVFKPMTNECLNWLNHQLISSVVYVSFGSLAKVEVEQMEELAWGLKNSNKNFLWVVRSTEESKLPKNFLEELKLVSENKGLVVSWCPQLQVLEHKSTGCFLTHCGWNSTLEAISLGVPMLTMPQWTDQPTNAKLVKDVWEMGVRAKQDEKGIVRREVIEECIKLVMEEEKGKMIKENAQKWKELARKAVDEGGSSDKNIEEFVSKLVTISSLGS
UGT85A18	B6EWX9	MGSISAELKKPHAVCIPFPAQGHINPMLKLAKILHHKGFHITFVNTEYNHRRLLKSRGPNALNGLSSFRYETIPDGLPPCDADATQDIPSLCESTTTTCLGPFKDLLAKLNNTLEVPPVSCIVSDGVMSFTFAAAQELGVPEVLFWTTSACGFLGYMHYSTIIEKGYTPLKDASYLTNGYLETTLDCIPGMENIRLRDLPSFLRTTNPDEFMVKFVLQETEKARKASAIVLNTFETLESEVLESLRTLLPPVYPIGPLHLLVKHVDDENLKGLGSSLWKEEPECIQWLDTKEPNSVVYVNFGSITVMTPNQLIEFAWGLANSQQDFLWIIRPDIVSGDEAILPPEFVEETKKRGMLASWCSQEEVLNHPAIGGFLTHSGWNSTLESISSGVPMICWPFFAEQQTNCWFSVTKWGVGMEIDNNVKRDEVESLVRELMVGEKGKQMKKKTIEWKNLAQESAKQSTGSSYVNIEKVVNDILLSSKLS
UGT74P2	B6EWY0	MEEITNKAHVLLLPYPLQGHINPMVQFSKRLASRGVKVTLVTIDNVSKNMPKESGSIKIESIPHDEAPPQSVDESLEWYFNLISKNLGAIVEKLSNSEFPVKVLVFDSIGSWALDLAHQLGLKGAAFFTQPCSLSAIFYHMDPETSKVPFDGSVVTLPSLPLLEKKDLPTFIYDDLYPSLAKLIFSQNIHFKKADWLLFNTFDVLEKEVVNWLRTQYPIKTIGPTIPSMYLDKRLKEDKEYGLSLFKPNGETCVKWLDSREIGSVVYVSFGTLASLGEQQMEELAWGLMTSNCHFLWVVRTSEENKLPNEFMSKLSEKGLIVNWCPQLDVLAHQSVGCFFTHCGWNSTLEALCLGVPMVAMPQWSDQPTNAKFISDVWQTGIRVKAGEDGVVNRDEIASSIREVMEEEKGIMLKENAIKWKQLAKAAIDEGGSSDKNIEEFLSNL
UGT75L2	B6EWY1	MVRPHVLLVTFPAQGHINPSLQFAKRLIKLGIEVTFATSVFAHRRMTKTAASTAPEGLNFVAFSDGFDDGFKLDTDDGKRYMSEIRSRGSQTLRDIILKSSDDGRPVTSLVYTLLLPWAAEVAREHHIPCALLWIQPAAVLDIYYYYFNGYEDEMKSSTDDPTWRIQLPGLPLLKSQDLPSFLVASNSKLNGKYSSALPTFKEQLDTLDGEENPKVLVNTFDALEPEALKAIEKYNLIGIGPLVPSSFFDGKDPLDSAFGGDLFQKSNDYMEWLDSQPKSSIVYISFGSLLNLSRNQKEEIAKGLIEIKRPFLWVIRDQENVKEEEELSCMMELEKQGKIVPWCSQLEVLTHPSLGCFVSHCGWNSTLESLSSGMPVVAFPHWTDQGTNAKLIEDVWKTGVRVKANEDGVVESEEIKRCIEIVMDGGEEGEEMRKNAKKWKELAGEALKEGGSSEMNLKAFVQEVGKGC
UGT75A3	B6EWY2	MENLTNDCHVLLVTFPGQGHINPSLQFAKRLVNLGVKVTFSTSLSAFNRISKLPNIEGLSFAPFSDGYDGKFKGSMNEFDSFYSSLMSHGSEFVTQIIKSRVAEGHPFTRIIYTTIMAWVGVVAKSINVPSTFFWIQPATVLDIYYYCFTDYADYFKNCSQDQVVELPGLPRLSPRDFPSLVLSDVNSTYGWAVKSIIDQVELLNSEENPRVLVNTFDDLEHDALRALKNLTMVGIGPSIPSAFLDENDPFDKSFGADLIRSSEDYMEWLDKRTKDSVIYIAFGSYSEISSQLMEEIAQGLVKYGRPFLWVIREGQNGENPEENLTCKEELEKHGKIVRWCSQVEVLQHLSLGCFLTHCGWNSTLESVCSGVPVVACPLWTDQGCNAKLVQDVWKTGVRVNANKDGIVERDEFKRCIEIVMEDGEKRDELKKNAKKWKDLAKEAMKENGSSNLNLRAYVNEILLNHC
UGT74B2	B6EWY3	MVYRRNEPHVIFVPYPSQGHINPLLQFSKRLASKGIKATIATTKYTVKSINSPNISVEAISDGFDEGGFSQAQKADVFLKSFEENGSRTLSQLVKKYKKSTHPISCIVYDSFFPWALHVAKQHGIYGAAFFTNSATVCAVFAHIHQGTFSLPVRIEENEPLLLPGLPSLYPLDVPGFIRDPESYPAYLAMKMSQFSNVENADWIFDNSFQELEGEIARGVSNLWPAKLIGPMVPSSYLDGRIEGDKGYGASLWKPLSEECLKWLKTKPIQSVIYISFGSMVALTPKQMEEMAYALIGSNMNFLWVVRETEKCKLPKGFVESTKGKGLIVSWCNQLETLANQAIGCFVTHCGWNSTLEGLSLGVPMVAMPQWSDQMTDAKFIDEIWKIGVRTKLDEFGIVRREELLFCLKEVMEGERSYEIRRNASKWKILAKTTASEGGSSDKAINEFVDILNSKVSLVDEVHTTRKYRNVNKKFNIWQYIRIKLRTWTYSIF
UGT85A20	B6EWY4	MYSISAEDLDKPHAVCIPYPAQGHISPMLKLAKILHHNGFHITFVNTEHNHKRLLKSRGPDSVKGLPSFQFETIPDGLPPCDPDTTQDIFSLSESTTNSCSGPFKELLTKLNNTSLSNVPPVSCIVSDGAMSFTLAAAQDLGIPQVFFWTPSACGLLSYMHYRDLVEKGYTPLKDESYLTNGYLETTLDWIPGMKGVRLRDLPSFIRTTNPEEYMIKFLIQETERSKMASAIVLNTFEPLEREVLKSLQALLPPVYAIGPLHLLMEHVDDKNLEKLGSNLWKEDPKCLEWLDSKKPNSVVYVNFGSITPMTPNQLIEFAWGLANSQVDFLWIIRPDIVSGNKAVLPPEFLEETKERGMLASWCQQQQVLSHVAVGGFLTHSGWNSTLESISSGVPMICWPFFAEQQTNCWFCCTQWEIGMEIDNNVKRDEVKSLVRELLTWEKGNEMKKKALEWKKLAKEAAKKPGGSSYVNIDKLINEILLSSKTTRQY
UGT86A4	B6EWY5	MDSSSPKPHAILVCYPLQGHVIPTIHLAIKLARKGFTITFINTQSTHTQITRKSGDGEEDIFSSVRGQDLDIRYITVSDGLPVNFDRSLNHDQFMACLLHVFSAHVEEALLKIVQSKVDPPVSCLIADSFFVFPGKLAKKYGLRYIAFWTETALVFTLYYHLHLLKLHGHFDCIGMREDPIDYIPGVKSIKPKDLMSYVQETDTTSVCHHIIFSAFQDVRNADFILCNTVQELEPETISALQIEKPFFAIGPIFPPEFATSGVATSMCSEYECTQWLDMQQQANVLYVSFGSYAHITKNDLIEIAYGLALSKVSFVWVLRPDIVSSDDPNPLPEDFKGEISGRGLIVPWCCQKQVLTHSAIGGFLTHCGWNSVLEAIWCGVPLLCFPLLTDQFTNRKLVVDDWKIGLNLCDKNPVSKFEISEKIQHLMFGEASDGYRNEMQKAKETLANASRGEGSSDKNLDSFISSVCK
UGT73Q1	B6EWY6	MDRKTDKLHIYFLPMMAPGHMIPLVDIARQFARHGVKVTVITTPLNASKFSKTIQRDRELGSDISIRTTEFPCKEAGLPEGCENIASTTSTLMYLNFIKGLSLFQKPIEQFLEEDHPDCLIAAPQFSWAVDVAAKLGIPRLFFNGAGFFPLCALHSLMEHKPHLKVESETEEFIIPGLPDTIKMSRQQIPDHLKDETESVITEMVRAIMGAEMTSYGAIVNSFYELEPNYVKHYREAEGRKAWHVGPVSLCDKDNEDKAQRGQDTSLYEQQCLDWLNTKEPKSVIYICFGSMAVFSSAQLLEIAMALEASDQKFIWAVTQTTINDEQNEWMPEGFEEKLKGRGLMIKGWAPQVLILDHEAIGGFVTHCGWNSLLEGITAGVPMVTWPLSAEQFFNEKLPTQILKIGVPVGAQAWSHRTDSTVPIKREQIQIAVTKMMVGQEAEEMRSRAAALGKLAKRAVEKGGSSDNSLISLLEELRKRKSSSN
UGT73A12	B6EWY7	MGQLHFFLFPMMAQGHMIPTLDMAKLIASRGVKATIITTPLNESVFSKAIQRNKQLGIEIEIEIRLIKFPALENDLPEDCERLDLIPTEAHLPNFFKAAAMMQEPLEQLIQECRPDCLVSDMFLPWTTDTAAKFNIPRIVFHGTNYFALCVGDSMRRNKPFKNVSSDSETFVVPNLPHEIKLTRTQVSPFEQSDEESVMSRVLKEVRESDLKSYGVIFNSFYELEPDYVEHYTKVLGRKSWDIGPLSLCNRDIEDKVERGKKSSIDKHECLKWLDSKKSSSIVYICFGSVAIFTASQMQELAMGLEVSGQDFIWAVRTDNEEWLPEGFEERTKEKGLIIRGWAPQLLILDHQAVGAFVTHCGWNSTLEGISAGVPMVTWPLFAEQFFNEKLVTEVLRNGVGVGSVQWQATACEGVKREEIAKAIRRVMVDEAKEFRNRAKEYKEMAKKAVDEGGSSYTGLTTLLKDISTYSFTSD
UGT86A5	B6EWY8	MEPEEHIKLHAIMIPAPLQGHIVPFINLAIKLASKGLTITFVNTQFTHQRLMKAQSISDSSLDYDIFSEARNSGLDVRYTTISDGFPLNFYRAGNHDQFMEGLFHVFSAHVDDLVGNLVNSNHNPPVSCLIADSFYVWPSEIAKKYNLVNISVWTEPALAFTSYYHMDLLRINGHFGSQDNREDTIHYIPGVEAIEPGDLPSYIQDPEPWGIMHRYMFKSLEDARKADIIICNTVQELESSTISALQEKTPFYALGPIFPNGFTKSTIPTNLWTESDPVQWLNSKPKGTVMYISFGSLANISRQDILEMAHGLLLSRVSFIWVVRPDITSSEESNLLPSRFEDDVKDRGLVVPWCSQIDVISHQAIGGFLTHCGWNSVLESIWCKVPMLCFPIFTDQFTNRKLVVSEWKVGVNLCSGRVLKGQEIARKIDCFITEANKLRINLEETRKKLEDALSENGSSGRNYKQLICDLKSKILQKGKIN
UGT85A12	B6EWY9	MNRAEKPILSKPHAVCIPFPAQGHINPMLKLAKLLHIRGFHITFVNTEFNHRRLLKSRGPYSLNGLSSFRFQSIPDGLPPSNEDATQDVPSLCEACKTVCLAPFRDLVTRLNDNSSFPPISCIISDAAMSFTLQVSEELGIPYLGFWTGSGCSLWALIQYPKLVEGGYFPLKDESYLINGHLDTIIDWIPGMEGIRLKNLPSFIRSRVDEPSYIVMKYIVEEIVDKIPKFSALIFNTIDTLESNVLQQISTKFPAVYTIGPLHLPLLNNLTQDDDLNSIGSNLWKEDTDCLEWLDTKKPNSVVYVNFGSVTVMSNEQLIEFAWGLANIKMNFLWITRSDLVMGDSAILPHEFLAETKERGLLGGWCPQEQVLSHPSIGGFITHCGWNSTLESISFGVPMLCWPFFADQQTNCWFICNRWGVGMEIDSNVKREVIEKLVRELMIGEKGKEMKENALKWKKLAEETITSSNGSSYMNFEKLVSHVLLRNGPS
UGT94E1	B6EWZ0	MGTEGSTLKVLMFPWLAHGHISPYLTVSKKLADRGWYVYLCSTPVNLNFIKKRILQNYSLSIQLVELHLPELPELPPSYHTTNGLPPHLNATLKRAAKMSKPEFSRILENLKPDLLIHDVVQPWAKGVANSHNIPAIPLITFGAAVISYFIHQMKKPGIDFRYPAIYLRKIEQQRLQEMMKNVAKDKDPDDDEDPFAEDPTRIILLMSSSATEAKYIDYLTELTQSKYVSVGPPVQEPMNEDDGDMDLIDWLGKKDEHSTVYVSFGSEYFLTKEDMEEIAYGLELSNINFIWVVRFPKGEEVKLEEALPQGFLERIENRGRVVSGWAPQPRILSHPSTGGFVSHCGWNSVMESIDFGVPIIPMPMHLDQPFNARLMVELGVAVEIDRDAEGKVHREEVAQVIKSVICKETGKNLREKVKDISENLKSMRQEEMDVVVEELIQLCKNSTCINSSS
UGT73E6	B6EWZ2	MAAQNSQLHFVLVPLMSPGHLIPMVDFAKLLAQHGVIVSIISTPLNTMRFKSSIDHSVKSGLQIRVLELEFPAEQAGLPEGCENMDSLPSRDSIKDFFVAASMLQNPFEELFSDLKPSPSCIISGKNMAWTVDSARKFRVPRIFFDGMGCFSSTCTQKLQSSKVHENLSKFESFVVPGLPHRIELTKAQLPENLNPGSPDLVDVRNKMVAAESISDGIIVNTFEELELEYVKEFKKIKGGKVWCIGPVSACNKSESEKATRGKNVSLEENKCLTWLDLQEPNSVVYASLGSICGLTCSQLVELGLGLEASNRSFIWVMRGGEKSKELEKWIEEERFEERIKGRGFLIKGWSPQILVLSHPSVGAFLTHCGWNSTLEGCCSGLPVITCPLFAEQFINEKLITQVLGTGVSVGVKAAVTWGMEEKSGIVMKREDVKNAIEKIFDKGVEGEDRRRKAKEITKMAKKALEEGGSSYINIEALIQDIMQQSLSSVEARS
UGT94E2	B6EWZ4	MGTEVTVHKNTLRVLMFPWLAYGHISPFLNVAKKLVDRGFLIYLCSTAINLKSTIKKIPEKYSDSIQLIELHLPELPELPPHYHTTNGLPPHLNHTLQKALKMSKPNFSKILQNLKPDLVIYDLLQQWAEGVANEQNIPAVKLLTSGAAVLSYFFNLVKKPGVEFPFPAIYLRKNELEKMSELLAQSAKDKEPDGVDPFADGNMQVMLMSTSRIIEAKYIDYFSGLSNWKVVPVGPPVQDPIADDADEMELIDWLGKKDENSTVFVSFGSEYFLSKEDREEIAFGLELSNVNFIWVARFPKGEEQNLEDALPKGFLERIGDRGRVLDKFAPQPRILNHPSTGGFISHCGWNSVMESVDFGVPIIAMPIHLDQPMNARLIVELGVAVEIVRDDYGKIHREEIAEILKDVIAGKSGENLKAKMRDISKNLKSIRDEEMDTAAEELIQLCKNSPKLK
