enzyme	accession	species	betaninProd	AA
DbB5GT	CAB56231.1	Dorotheanthus (Cleretum) bellidiformis	++	MGTHSTAPDLHVVFFPFLAHGHMIPSLDIAKLFAARGVKTTIITTPLNASMFTKAIEKTRKNTETQMEIEVFSFPSEEAGLPLGCENLEQAMAIGANNEFFNAANLLKEQLENFLVKTRPNCLVADMFFTWAADSTAKFNIPTLVFHGFSFFAQCAKEVMWRYKPYKAVSSDTEVFSLPFLPHEVKMTRLQVPESMRKGEETHFTKRTERIRELERKSYGVIVNSFYELEPDYADFLRKELGRRAWHIGPVSLCNRSIEDKAQRGRQTSIDEDECLKWLNSKKPDSVIYICFGSTGHLIAPQLHEIATALEASGQDFIWAVRGDHGQGNSEEWLPPGYEHRLQGKGLIIRGWAPQVLILEHEATGGFLTHCGWNSALEGISAGVPMVTWPTFAEQFHNEQLLTQILKVGVAVGSKKWTLKPSIEDVIKAEDIEKAVREVMVGEEGEERRRRAKKLKEMAWRAIEEGGSSYSDLSALIEELKGYHTSEKE
MjcDOPA5GT	AZC85901.1	Mirabilis jalapa	++	MTAIKMNTNGEGETQHILMIPFMAQGHLRPFLELAMFLYKRSHFIITLLTTPLNAGFLRHLLHHHSYSSSGIRIVELPFNSTNHGLPPGIENTDKLTLPLVVSLFHSTISLDPHLRDYISRHFSPARPPLCVIHDVFLGWVDQVAKDVGSTGVVFTTGGAYGTSAYVSIWNDLPHQNYSDDQEFPLPGFPENHKFRRSQLHRFLRYADGSDDWSKYFQPQLRQSMKSFGWLCNSVEEIETLGFSILRNYTKLPIWGIGPLIASPVQHSSSDNNSTGAEFVQWLSLKEPDSVLYISFGSQNTISPTQMMELAAGLESSEKPFLWVIRAPFGFDINEEMRPEWLPEGFEERMKVKKQGKLVYKLGPQLEILNHESIGGFLTHCGWNSILESLREGVPMLGWPLAAEQAYNLKYLEDEMGVAVELARGLEGEISKEKVKRIVEMILERNEGSKGWEMKNRAVEMGKKLKDAVNEEKELKGSSVKAIDDFLDAVMQAKLEPSLQ*
BvSGT1	XP_010681315.1	Beta vulgaris	-	MGAEPQRLHVVFFPLMAAGHLIPTLDIAKLFAAHHVKTTIITTPLNAPCFTKPLESYKNLGHRIDIEIIPFPSKEAGLPEGLENFDQFTSDQMAVKFLKATELLQESFEKFLEKHKPNCIVTDMLMPFTNNVAAKFNIPRIVFHGCSYFALCMMHTLLKYQPHKSLLSDDEEFLVPNLPHEINLTRSRLPDMMRGQGDKELNDAWMKIFIHAMEAEENSFGVIMNSFYELEPEYVEYYRNVMGRKAWHIGPVSLCNRENEAKFQRGKDSSINEHECLKWLDSKKPKSVVYICFGSLAEVPTLQLREIAMGLEASEQDFIWVVRRGKENVEEEKIEEWLPYDFEDRMEGKGLIIRGWAPQVLILDHEAIGAFVTHCGWNSTLEGISCGVPMVTWPVFAEQFYNEKLVTEVLKTGVAVGAKKWSRILEVNLKSEDIKNAIRRVMVGEEALVLRSKAKKLKELARKAVEIGGSSYSDMHSLIQDLSSYNANGYKQYL
BvSGT2	XP_010691725.1	B. vulgaris	+++	MDDKSQQLHIVLFPFMAHGHMIPTLDIARLFAARGVKTTLITTPRNAPTFLTAIEKGNKSGAPTINVEVFNFQAQSFGLPEGCENLEQALGPGIRDRFFKAAAMLRDQLEHFLEKTRPNCLVADMFFPWATDSAAKFNIPRLVFHGHCLFALCALEIIRLHEPYNNASSDEEPFLLPHLPHEIELTRLQFSEELWKNGGDSDYKERSKAIKESELKCYGVLVNSFYELEPDYAEYFRKDLGRRAWNIGPVSLYNRSNEEKAQRGKQASIDEHECLKWLNSKKPNSVIYICFGSTMHMIPSQLNEIAMGLEASGKDFIWVVRNEDDLGEFEHRMEGKGLIIRGWAPQVLILEHEVIGAFVTHCGWNSTIEGIAAGVPMVTWPVFAEQFLNEKLITRVLRIGIPVGAKKWDCKPCEEYVVKKNDIEKALREVMEGNEAEERRTRAKEYKEMAWKALQEGGSSYSDLSALIDELRGLST
BvSGT3	XP_010691729.1	B. vulgaris	-	MSAEPQDFHVVLFPFMAHGHMIPMLDIARLFTARDNVKATIITTQLNIATITKDIESNKTTRTPIFNIELFKFPAQEVGLPEGFENLEQVLRPEFFDKFFEATELLNEQLEKYLEKVRPNCLVADMFFPWATDSAAKFNIPRLVFHGTSIIALCAEEIIRLYEPFNNVSSDEEPFVLPLLPHEIQLRRSQISEGLTENEETDYKRKIANIKESELKSYGVIINSFYEMEPDYAKFYSKELRRRSWNVGPVSLSNRSIEDKNQGDKQALIDEHECLQWLNSKKPDSVTYICFGSTTSFIAPQLHEIAMALEASGEDFIWVVKDDENVKGEEWLPTGFKQRMEGKGFIITGWAPQVLILEHEAIRAFMTHCGWNSILEGISAGVPMVTWPIFAEQFYNEKLVNQILKTSVPIGAKKWSRRHSLEDLIKCDAIEKALKEIMVGKEAEERRTRAKNLKKKAYMAVEEGGSSYSDLTALINELRGYRLQEQE
BvSGT4	XP_010691730.1	B. vulgaris	+	MGAEEFHVVLFPFMAHGHMIPILDIARLFAVRDNVKATIITTPLNVTNFTKDNESNMESSAPIVNIEVFRFPAQEVGLPEGFENLEKVMKPELLNKFFKAAGMLNEQLEQYLEKIRPNCLVADMFFPWATESAAKFNIPRLVFHGTSNFALCAQEIVRLYKPFKNVTSDEEPFVLPSLPHDIQMRRLQIPEDLWKYDGTEFEKRMDSLKDSEIKSYGVLVNSFYELEPDYAEFFKKELGRKTWNIGPVSLSNRSVKDKSQREKEPLIDQHECLKWLNSKKPDSVVYICFGSTASFIAPQLHEMALALEVSGQEFIWIVKNDENGRSKEWLPPGFEQRTEGKGLIIRGWVPQVLILEHEAIGAFVTHCGWNSTLEGISAGVPMVTWPIFAEQFYNEKLVNQILNTGVPVGAKKWSRTPSIEDIIKMEAIEEALTDIMVGTEAEERRTRAKKLKILAYKAVEEDGSSYSDLTALINELSANRLQEQE
BvSGT5	XP_010691724.1	B. vulgaris	-	MFFHDNLAIQLFYDYFLLNYTFRTSQKKNLLLSERMSKRPKDKLHIVFFPFMAHGHMIPMLDTATLFAARGIKATIITTPRNFPIFARANETGHPSIEIEVFRFPSLENGLPEGCENLGQAMKSIEMAEKFIKSAAMLRQQLEQYLEKSRPHFLVADMFFPWATECAAKFNIPRLVFHGISFFAHCTKDMIMVYQPYKHVSSDEDPFVIPYLPNEITLTRSQIPEDLMKHEQSELKKRHEKIQESELQCYGVIVNSFYELEPDYVDFFKKKLGRRAWHIGPVSSCNKSLKDKAQRGGGEASMNEHECLKWLNLRKPNSVIYICFGSLANFIVPQLQEIAKALESLEYDFIWVLRDDRIAKNEEWLPLGFKKRTQGKGLLIGGWVPQVLILEHEATGAFVTHCGWNSTLEAISAGIPMVTWPLFAEQFYNEKLVNQILKIGTPVGAKKWKAVHSIEDVVEHNDIEKAIKNIMEGDEAQEMRNRAKNLKEMARKAMEEDGSSYRDLCSLINELRDHYAP*
CqSGT1	XP_021718283.1	C. quinoa	-	MGDKPQSLQVVLFPLLAAGHMIPTLDIAKLFATNNVKTTILTTPLNAPIFTKALQSTTYNNPSSLPMIDVEIVPFPSKEGGIPEGIENCDQISCNELSIKFFKATQLLQKSLEQVMEKYKPSCLVADLMYPFATDVAAKFNVPRLVFHGSSYFAFCVEHALMKYEPQKSVSCDDEEFVVPELPHEIRLTRTQLVAAVKELGMEEWMKIYGRAMEAEERSYGIIVNSFLELEPDYVDYYTKVMGKRAWHIGPVSLCNREKEAKFQRGKDSSIGEHECLKWLDSKKPKSVVYVCFGSIAEVSTLQLQEIARGLEASKQDFIWAVRRSDNDEVEKNEEWLPHEFEKRMEGKGLIIRGWAPQMLILDHEAIGAFVTHCGWNSTLEGISCGVPMVTWPVFAEQFYNEKLVTQVLKTGVGVGAKKWSRIAENVKSEDVKKAITKVMVGEEALEIRSRAKKMKELARKAVEVGGSSYCDLNSLIQELSSYNARIIA*
PaSGT1	XP_021823916.1	Prunus avium	-	MGGQNRDFHVFLFPFMAHGHMIPVSDMAKLFAAQGVKTTIITTPLNAPTFSKAIRSRKTNSGGIEIEIKTIKFPSQEAGLPEGCENLDSLPATPVLADSFFKAAGLLQEPLERLLLEDQPTCLVADMFFPWATDAAAKFGIPRLVFHGTSFFSLAASDCVRRYEPFKNTSSDSEPFVIPDLPGEIKMTRAQVPSFIKDNTENDLTRLLKQSKEAEARSYGIVVNSFYELEPVYADYYRKVLGKKAWHIGPLSLCNRENEEKAYRGKEASIDEHECLKWLDSKKPNSVVYVCFGSVAKFNNSQLKEIAIGLEASGVDFIWVVRKGKDDDDVSKEDWLPEGFEERMEGKGLIIRGWAPQVLILDHGATGGFVTHCGWNSTLEGIAAGLPMVTWPVSAEQFYNEKLVTQVLKIGVGVGTQKWIRVVGDSVKKEAIEKAVTQIMVGEEAEKMRSRAKGLAEQARRAIEKGGSSHSDLNALIEELMSSHS*
SoSGT1	XP_021851291.1	Spinacia oleracea	-	MGAKPKELHVVLFPFMAHGHMIPTLDIARLFAARDGVMATIITTPLNVATFTKAIGNGKKIEAPVINIEAFRFPAKEAGLPQGLENLEQVLGSELMNGFFKATEMLSEQLDHYLEKVRPNCLVADMFFPWATDLASKFNIPRLVFHGISSFSLCAQEVIRLHEPFKNVSSDEETFVLPYLPHEIQLTRLQISEELRNSEDSDYKRRTISFKESELKSYGVIVNSFYELEPDYADLFRKEFGRRLWNIGPVSLSNRSIEDKAQRGKQASIDEHECLKWLNSKKPDSVIYICFGSTASFIAAQLHEIAMAVEASGQQFIWVVRNGKNEEWLPTGFEQRMKEKGMIIRGWAPQVIILEHEAIGAFATHCGWNSTLEGISAGVPMVTWPIFAEQFYNEKLVTQILKTGVPVGAKKWSRTPSIECLVKKDAIVKALTEIMAGKETDERRNRAKNLKEMARKAVEQGGSSYMDLSELINEIRGYQLLQLNEEV*
VrSGT1	XP_034682237.1	Vitis riparia	-	MMGSETDQLHVLFFPFMALGHMIPTIDMAKLFSARGVRATIITTPLNAPVVSKAMERGHYLGAQIGLRVIQFPSVQAGLPQGLENLDQDASPEIRLKFFLAMSLFQQPLEQLLQEYRPHGLVADTFFPWALDVASKFGIPRLAFQGTGFFAMCALQSLTAHKPYKGVGSDTEPFLLPDLPDEIKLTRLQISNDLTLGLENDFTRFFKEARESEERSYGTIVNTFYELEPAYAEHWRKVLGRKAWHIGPVSLCNRDAQDKTQRGKAASIDEDECLKWLNSKNPDSVIYVCFGSVSKFPAAQLLEIAMGLEASGQQFIWVVRKNKDEGDEEEWLPQGYEKRMEGKGLIIRGWAPQTLILDHEAVGGFVTHCGWNSTLEGVSAGVPMVTWPVFADQFYNEKLVTAVLKIGIGVGAQRWVPFVGDFVKQDAIEKAVKAVMAGEKAEELRSRAKSLGGMARRAIEKGGSSYTDMDALIEELKLYHAQI*
CqSGT2	XP_021753346.1	C. quinoa	+++	MGAEPQQLHAVFFPFLAHGHMIPTLDIARLFAARGVKTTIITTPLNAHTFTTAVEKGNKSGAPLIDIEVFRFPAQEAGLPEGCENLEQALGPGEMEKFFKAAAMLREQLEQFLEKIRPNCLVADMFFTWATDSAAKFNIPRLIFHGTSYFSLCALEVVRLYEPYTKVTSDDEPFLLPYLPHEIHMTRLQLSEDLWKNGGKTEYKKRNNAVKESELKSFGVIVNSFYELEPDYADYFRKDLGRRAWHIGPVSLYNRSIEQKSNRGKQASIGEHECLKWLDSRKPDSVIYICFGSTIHLIPPQLHEVAMALEASGQEFIWVVRNEDDLGGFEQKMSGKGLIIRGWAPQVLILEHEAIGAFVTHCGWNSTLEGISAGLPMVTWPMFAEQFYNEKLITRILKIGVPVGAKKWTTTPSIEDVIPQNAIAKALREIMVGDAAEERRCRAKEYKKMAWKALQEGGSSYSDLSALIDELRGLST
CqSGT3	XP_021753343.1	C. quinoa	-	MGAEPEELHVVLFPFMAHGHMIPTLDIARLFAARDGVKATIITTPLNVAVFTKAIGSREKIEAPTVNIEAFRFPAQEAGLPEGMENLEQVLGSELMSNFFKATEMLREQLEQYLEKFRPNCLVSDMFFTWTTDLAARFNIPRLVFHGTSSFSLCAQEVIRLHEPFNNVSSDEETFVLPNFPHEIQMTRLQISEELRSSEDSEYKRRTANFKESELESYGVIVNSFYELEPDYADFFRIELGRRAWNIGPVSLSNRSIEDKVQRGKQASIDEHECLKWLDSKKPDSVIYICFGSTASFIVPQLHKIAMAVEASGQEFIWVIRNYSGKFEEWLPAGLEQRIAGKGLIIKGWAPQVLILEHEAIGGFVTHCGWNSTLEGISAGVPMVTWPIFAEQFYNEKLVTHVLKTGVSVGAKKWSRTPSLEYLIKQEAIEKALTEIMVGKEAEERRTRAKKLKEMAQKSVEEGGSSYLDLSALINELRDYHLQTPDNR
CqSGT4	XP_021753345.1	C. quinoa	-	MDVHEAQELHVVFFPFMGQGHMIPTLDIARLFSVHDNVKATIITTPLNKATFTKANEESEKIGDPVIKIEVFKFPTKEVGLPDGYESPDLSLGVGMIQKFFKGTEMLSEQLEEYLEKVRPNCLVADMFFPWATDSAAKFNIPRLVFHRISYFSLCAQEIIRVHEPYKNVSSDDEPFILPSLPHKVQMRRLHISEDFWKSEGSEFKRRMARIKESEVRSYGVIVNSFYELEPDYADYFRKELGRRAWSIGPVSMSNRRAEVKAQRGKQASIDEHECMKWLSSKKPDSVIYLCFGSTSVFIAPQLQEIAMALEASGKNFIWVVRDGGDGKNEKWLPEGFEQRMEGKGLIIRGWAPQVLILEHEAIGAFVTHCGWNSILEGVAAGVPMVTWPVFAEQFYNELLVTQILKTGVSVGVKKWDRKPSLENIIKQEVIETALREIMEGNKSEERRIKTKKLKEMARQAVEEGGSSYSDIHALLAELRGYQLRQQN
CqSGT5	XP_021753348.1	C. quinoa	-	MANDEPQQLHVVFFPFMAYGHMNPTIDIAKLFAARGVKATIITTPHNLSIFTKAIEKSRQVGSPMIHVELFEFPSTQCGLPDGCENVTQAIPIGMVSNFMKAVKMLEVQLEQYLENIRPNCLVSDMFLPWTTECAAKFDVPRVVFHGTCYFALCVQEVVRLHKPYLNVSSDEEPFILPSLPHEIKITKLQIQEDLRKEEQSDAKTEFDLIKESELKSFGVIVNSFYELEPDYADYFSKELGRRAWHIGPASLCHRSIEDKARRGNQVSADEHECLQWLNSKQEDSVIYMCFGSMTQFSVTQLREIAVALEASEQDFLWFVKNDEDLKSEEWLPPGYKQRMEGKGLILKGWAPQLLILEHEAVGAFVTHCGWNSILEGITAGVPMITWPGFAEQFYNEKLVTKVLKTGVPIGAKKCRWDPYIDDLVNWDAIEKALRDIMEGDEARQRRNRAKELKELALKAVEEDGSSYSNLGAFINELRHYHA
CqSGT6	XP_021714530.1	C. quinoa	-	MVNEYYQGKLHVVFFPFMAHGHMIPTLDTAKLFGARGVKCTIITTPLNSPFFTKEIEKSKKINEGRSMIEIEVFRFPSVENGLYKGCENLEQAMMSLDMAEKFIKAASMLREQLEQYLEKTRPHCLVADMFFPWATECAAKFNIPRLVFHGISLFAHCTKEMVMVHQPYNNVSNDDESFVVPFLPHEIMLTRSQLPREYLVEGEQSELKRRHKKIQESEVQCYGVIVNSFYELEPDYADFFRKQLGRRAWHIGPVSLCNKSQKDECSLDEHKCLKWLNSKRPNSVIYICFGSLAHLIAPQLQEIARALDDLDYEFIWVVREDKYRMSEEWLPQGFKERTQGKGLVIGGWVPQVLILQHEAIGAFVTHCGWNSTLEAISAGVPMVTWPLFAEQFYNEKLVNNVLKIGAPVGAKKWQVVHFIEDLVKHENIVNAVRKIMDGDKGLEWRNKARKLKEMARKAIEENGSSYCDLTSLINELRDYHFQKHD
SoSGT2	XP_021851289.1	S. oleracea	-	MKMDGETEQLHVVLFPFMAHGHMIPTLDMARLFAARGVKTTLITTPLNAPTFTTAIQKGKNTSGPPLINIQVFRFPAQEAGLPQGCENLEQALGPGVMDQFFKASAMLKEQLEQFLDKTRPDCLMAGMIFTWATDSASKFNIPRLVFHGTCYFSLCVGEILRLHQPYKNVSSDQEPFLLPSLPHQIHMTRLQLSEELWSNKETDYKKRSSKVKESELESFGVIVNSFYELEPDYADFFKKDLGRRAWHIGPVSLYNRSNQEKAQRGKTSSIDQHECLKWLNSKKPDSVIYICFGSTIHLIPSQIHQVLMALEATGQEFIWVVRNEDDLGGFEQKMTGKGLIIRGWAPQMLILEHEAIGAFVTHCGWNSTLEGIAAGLPMVTWPMFAEQFYNEKLVTDILKIGIPVGAKKWTTVPSIEDVIKQNAIEKALREIMEGDAAEERRCRSKEFKNMAWKALEEGGSSYSDLSALIHELRGLSTKNHN
SoSGT3	XP_021851290.1	S. oleracea	-	MGVKAKELHVAFFPFMAHGHMIPALDIARLFAARDNVKVTIITTPLNIGTFIKANENSIKIGASIVNIQVFKFPTKEVGLPDGCETPDFSLGTAMIHNFFKASEMLNEQLELFLENVRPNCLVADMFYPWATECAAKFNIPRLVFHGFCYFSLCAQEIVRLHEPYKNLSSDEETFVLPCLPHEIQLTRLQISEDLRKGEETFFKRIINRVKESEVDSYGVIVNSFYELEPDYADLYRKELGRRAWNIGPVSLSNRSTEDKAYRGKQTSIDKYECLKWLSSKKPDSVIYICFGSTASSIDTQLHEIAMALEASGKQFIWVVRNSADNGKNEEWLPTEFEQRTKGKGLIIRGWAPQMLILEHEAIGAFVTHCGWNSTLEGISAGVPMVTWPIFAEQFYNEKLVTDILKIGVPVGVKKWSRTPLIEDIMKREAVEMALREIMEGKEVEERRNRAKRFKAMAHKAVERGGSSYTDISALITELRGYHLRQQN
SoSGT4	XP_021851293.1	S. oleracea	-	MGAKPEELHIVFFPFMAHGHMIPTLDIARLFAARNKVKVTIITTPLNVSTFSKVIQSSKGIEASINIEIFRFPAREAGLAEGLENMEQVMRPEFINKFFKAADLLSEQLEQYLEKVRPNCLVADMFFPWATDCAAKFNIPRLVFHGFSCFSLCAQEIIRLHEPFKNVSSDQQTFLLPSLPHEIQLTGLQISEDLRKSDETEFKRRMDKIKESELESYGVIVNSFYELEPDYANFFRKELGRRSWNIGPVSLSNKSKEESIDEHECLKWLSSKKPNSVIYICFGSTVSFIAPQLHEIAVALEITGQEFIWVVRNNADNIRKNEEWLPPGFEQRTEGKGLIIRGWAPQVLILEHEAIGAFVTHCGWNSTLEGISAGVPMVTWPIFADQFYNEKLVTQILKTGVPVGAKKWSRIPSIEYLINQDAIQKALTEIMVGKEAEERRNRAKKLKEMAWKAVEEGGSSQSEITTLIKELRSYDPFKKNNSMLTV
SoSGT5	XP_021839484.1	S. oleracea	-	MAVEAQELHVVFFPFLSHGHMIPTLHIARLFAARDNVKATIITTPLNMATFTKPNENSTETGAPIINIQVFKFPAKEAGLPDGCENPDQLSGPGMIKNFFKATEMLNEQLEQYLEKIRPDCLVADMFYPWATKCTSKFNIPRLVFHGFSCFSLCAQEVIRLHEPYNNVSSDDELFVLPSIPHEIQLTRLQIPEALRIEEESFLKSTINRVIESEVESYGVIVNSFYELEPDYAEFFTNELGRKAWNIGPVSVTNKSPDVKAIDKHECLKWLNSKKPNSVIYICFGSTARSIDPQLHEIAMGLESSGKQFIWVVRNKSNSNEEGKNEEVWLPPGFEQRTEGKGLIIRGWAPQVSILEHEAIGAFVTHCGWNSTLEGITAGVPMVTWPMFAEQFYNEKLVTEILKIGVPVGVKKWSMMPSVEDMIKGEAVEMALREIMDGKEVEEMRNRANKLKEMAWKAVEEGGSSYSDLSALINELRNYQSDQL
SoSGT6	XP_021863511.1	S. oleracea	-	MGVETEDLHVVFFPFMAHGHMIPTLDIARLFAARDNVKATIITTPLNMGTFTKANENSKIIINIEVFNFPAKEAGLPDGCETPELSLGPGMIHNFFKATDMLNEQLENYLDKVRPDCLVADMFFPWATECAAKFNIPRLVFHGTSYFSLCAQEIVRLHEPFKNVSSDDEPFVLPYLPGEIQLRRLQIPEDLRKDEETFIKKRIQKVKESEVQSYGVIVNSFYKLEKDYADFFTKELGRRAWNVGPVSLNNRDDKAHRGKQTLTDEHECLKWLSSKKPDSVIYVCFGSTASIIAPQLHEIAMALEASGKEFIWVVRNGGKNEEWLPPGFEQRTEGKGLIIRGWAPQVLILEHEAIGGFVTHCGWNSTLEGITAGVPMVTWPIFAEQFYNEILVTQILKTGVPVGVKKWSRTPLIEDIIKREAVEMALREITEGEEVEERRSRAKKLKEMGQKAVEEGGSSYSDITALITELRGYHLRQQN
SoSGT7	XP_021851288.1	S. oleracea	-	MADDEPQQVHVVFFPFMAYGHMNPTLDMAKLLADRGVKATIITTPHSLPIITKAVEENKVGSPTGTVYFELFKFPSTQCGLPEGCEIVNQAITIGMVPNFIKAVGMLKEQLEQYLEKTRPSCLVADMFLTWTTECAAKFNVPRVVFHGTCYFALCAQEIVRLSTPYKNATSDVEPFIIPSLPHEIKMTRLQISEDLRKEELTDAKKELDLIIESELNSYGVIVNSFYELEPDYADFFSKELGRRAWHIGPVSLCNRTSIKDKAQRGNSNDQDSSLKWLNSKQQDSVIYICFGSMTQFTVSQLHEIAVALEASKQDFIWFVKNDEDEKSQEWLPTGFKQRMEGKGLILRGWAPQLLILEHEAVGAFVTHCGWNSILEGITAGVPMVTWPGFAEQFYNEKLVTQVTKTGVSVGARICSMVPFIDDLVKRDAIEKALRDVMEGDEAREMRNRANKLKEMSHKAVEEGGSSYSSLGAFINELKASPCLTSLLL
CsSGT1	XP_028053269.1	Camellia sinensis	-	MGQLHVFFFPIMAHGHMIPTLDIAKLFAAHSGVKSTIITTPLNAHLFAKSIERAKHAGVDINIITIKFPTAEAGLPEGCESADQLTSDDMIPKFLKATTMLQAPLELVLQEHRPDCLVADMFFPWATDSAAKYGIPRLVFHGISFFALCASESLRLYKPQTTVSSDDEPFVVPNLPHQIKLRRTQLPEHSRQETESDFGKLVEKVKESEVKSYGVIVNSFYELEPDYADHYRNVLGRRAWHIGPVSLCNREIEDKAQRGKEASIDEHDCLKWLNSKKPNSVIYICFGSMANFPASQLYEIAMGLESSGQQFIWVVRQSKNEADKNEEKWLPEGFEERMKDRGLIIRGWAPQVLILEHESVGGFVTHCGWNSTFEGISAGLPMVTWPMFAEQFFNEKLVTDILRIGVGVGSLKWKRRTATGGIERESIAKAVKRVMVGEEAEEMRSRARELKDLAKKAIEEGGSSHSDLNSLIQELSLYRA
CiSiSGT1	XP_006487031.1	Citrus sinensis	-	MVIETQKNNKVAFTNNSSLSSYLIRKLNMGSEIPQLHVFFFPFMAHGHMIPIVDMAKLFATRGVKASVITTPANAPYVSKSVERANELGIEMDVKTIKFPSVEAGLPEGCENLDAITNEVNKGLIVKFFGATMKLQEPLEQLLQEHKPDCLVADTFFPWATDAAAKFGIPRLVFHGTSFFSLCASNCLALYEPHKKVSSDSEPFVMPHFPGEIKLTRNQLPDFVKQDMGDNDFSRLLKAIDDSDLRSYGVAVNSFYELEPAYADHYRKALGRRAWHIGPVSLCNRNFEDKALRGKQASIDELECLKWLNSKQPYSVVYVCFGSLANFTSAQLMEIATGLEASGRNFIWVVSKNKNDGGEGGNEDWLPEGFEKRMEGKGLIIRGWAPQVLILDHEAVGGFVTHCGWNSTLEAVAAGVPLVTWPVAAEQFYNEKMVNEILKIGVGVGIQKWCRIVGDFVKRETIEKAVNEIMVGDRAEEMRSRAKALGKMAKRAVENGGSSYSDLSALIEELRLSRHQSS
CiClSGT1	XP_006422969.1	Citrus clementina	-	MGSKIPQLHVFFFPFMAHGHMIPIVDMAKLFATRGVKASVITTPANAPYVSKSVERANELGIELDVKTIKFPSVEAGLPDGCENLDAITNEVNKELIVKFLGATTKLQEPLEQLLRDHKPDCLVADIFFPWATDAAAKFGIPRLVFHGTSFFSLCASNCLRLYEPHKKVSSDSEPFVMPHFPGEIKLTRNQLPDFVKQDMGDNDLSRLLKATNESESRSYGVAVNSFYELEPAYADHYRKALGRRAWHIGPVSLCNRNFEDKALRGKQASIDELECLKWLNSKQPNSVVYICFGSLANFTSAQLMEIATGLEASGRNFIWVVRKNKNDGGEGGKEDWLPEGFEKRMEGKGLIIRGWAPQVLILDHEAVGGFVTHCGWNSTIEAVAAGVPLVTWPVSAEQFYNEKMVNEVLKIGVGVGIQKWCRIVGDFVKREKIEKAVNEIMVGDRAEEMRSRAKALGKMAKRAVENGGSSYSDLSALIEELRLSRHQSS
EgSGT1	XP_039172473.1	Eucalyptus grandis	-	MGSDNVRQLRIFFFPFMAYGHILPTIDMAKLFASRGLKATIITTPLNAPIFAQTIQRTQKLGAKIDVQTVNFPSVEAGLSPGCENLDLVASQEMFLKFIKATEMLKQPLEELLSEDPPDCLVADMFFPWATDVAQRLGVPRMVFHGTSFFALCATECVRLHEPHKNVPSDSDPFAIPNFPHEIKLTRKQLPEHLRSGVENDFTRFNREAKESEVRSFGVIVNSFYELEPDYADYYRNVLGRRAWHIGPVSLCNRDIEDKATRGKKATIDEHECLKWLDSKDPNSVIYICFGSVAKFSPNQLREIALALEASGQQFIWVVRKADKGGGDKDEAGGDEEWLPRGFEERMKSENKGLIIRDWAPQVLILDHKAIGAFVTHCGWNSTLEGICAGVPMVTWPVFAEQFYNEKLVTQVLRVGVGVGAQQWVGIVADKEIVSKDRIEKALRQVMVGDEAEAMRDRAKLLADKARRAIEDGGSSYSGMNALIRELALHRIARDAKS
CpSGT1	XP_021887294.1	Carica papaya	-	MGSEVLHHDYSQLNIFFFPFMAHGHMIPTLDMAKLFATHGAKTSIITTPLNLPFFSKSIERFSKQTGLEIGVKLLNFPSVEVGLPSGCENADSLPAGEPLIVNKFFAAAGMLKDPLERLLQEFKPDCLIADMFFPWTTDAAAKFDIPRLVFHGTSFFALSASECIRLYTPFNNVSSDSEPFLVPTLPDEIRLTRNQLADFAMKEGDENGIHRLIKEAKESELKSYGVVVNSFYELEPAYADHYRNFLKRKAWHIGPVSLCNKTVEDKAERGKRASIDEDECLKWLNSKAPNSVIYICFGSMANFNSAQLMEIATALDASGQEFIWVVRREKNENNQEDWLPEGFEQRTEGKGLIIRGWAPQVLILEHEAVGGFVTHCGWNSTLEGVTAGMPMVTWPVSAEQFYNEKLVTEVLKIGLSVGVKKWVRSEGDFVSREKVEQAVREIMVGSEAVERRMRAKAMADMARAAVEKGGSSYNDLNALLREVSLMRRQQSQNQ
MeSGT1	XP_021624601.1	Manihot esculenta	-	MAQNLDLCRQLHVFFFPFMAHGHMIPTIDMAKLFASRGLRATIITTPLNSLLFSKTIERSQDLGMNIDLLILKFPSKEAGLPEGCENMDSITSHANGEELIKNFFQAASLLQEPLESLLQECKPDCLVADMFFPWATDAAAKFGIPRLVFHGMGFFSLCTQVCLYQYKPYKNVSSDSESFVVPHLPGEIKLTRKQLPDSIRNEVETDLTKLMKAVVESESKSFGVVVNSFYELEPAYADYYRKVLGRRAWHVGPVSLCNRGIEDKAQRGKQASIDEHECLKWLDSKKPNSVIYICFGSVANFTGSQLMEIAMALEASRQQFIWVVRRDKNNKEDEEKWLPEGFEQRIEDKGLIIRGWAPQVLILDHEAVGGFVSHCGWNSTLEGITSGKPLVTWPVSAEQFYNEKLVTDVLKVGIGVGVKEWVRLQGDFVESKDIEKAISRVMEGEEAEKMRIRSKKLREMARQAVEEGGSSYSDFNALVEELRWRRP
RaSGT1	XP_030525034.1	Rhodamnia argentea	-	MGSKSLRLLRIFFFPFMAHGHILPTIDMAKLFASRGLKATIITTPLNAPIFAQTIQRTQKLMTKIDVETVEFPSLEAGLPPGCENLDSVASQEMALKFFKATEMLKQPLEDLLNKDPPDCLVADMFFPWATDVAQRLGVPRIVFHGTSFFALCATECIRLHEPHKNVSSDSDPFAIPNFPHEIKLTRKQLPEYLRSGVENDIMRLTREVKESEVQSFGVIVNSFYELEPDYADYYRNVLGRRAWHIGPVSLCNRDIEDKARRGKKAMVDEHECLQWLDSKDPNSVIYICFGSVAKFSPNQLREISLALEASGQQFIWVIRKADGGGEGKDEASGNEEWLPRGFEERMKLENTGLMIREWAPQVLILDHKAIGAFVTHCGWNSTLEGICAGLPMVTWPVFAEQFYNEKLVTRVLRVGVEVGAQQWVGIVADREIVSKDRIERALRQVMAGDEVEAMRDRAKLLAATARRAIEDGGSSDSDMKALVEELAVDT
TcSGT1	XP_007042481.2	Theobroma cacao	-	MGSEIPQVHMFFFPLMAHGHMIPTVDMAKVFATRGVKTTIVTTPLNASFFTKTIERSKESGIDIGIKILKFPAVEAGLPEGCENADLIPTSQDESGDMLGKFFKATFMLQEPLEQLLQECKPDCLVADMFFPWATDAANKFGIPRLVFHGTSFFSLCASESMRHYEPHKKVQSDSEPFVVPNLPGDIKLTKKQLPDYMKQDAETDFTKMVKASKESELRSYGVVVNSFYELEDTYADCYRNILGRKAWHIGPVSLCNRATEDKADRGKKSAIDEHECLKWLDSKEPNSVVYICFGSMANFTSAQLKEIAMALEASEQQFIWVVRKQKNNEEEEDWLPEGFEKRMEGKGLIIRGWAPQVLILDHEAVGGFVTHCGWNSTLEGVSAGVSMVTWPVFAEQFYNEKLVTQVLKIGVGVGAQQWARTVGDFVKREAIEKAVKEIMKGDRAEEMRNRAKALAEAAKGAIAKGGSSYSDLNALIEELSLHRH
GgGT	BAG14302.1	Gomphrena globosa	-	MGSETHHSNDPQLTHIFMISFPGQGHINPLLRLGKRVASKGLLVTFATTENFGQYIRISNDAISDQPVPVGDGFIRLEFFDDEWPDGDPRKHDMDQYLPQLEKVGRKWVTQRLAALAHEYRPVSCLVNNPFLPWVSDLAEELGLCSAMLWPQSCACFLAYYYFHNNLVPFPSQDALEIDVEIPTLPLLKWDEIPTFLHPTTPYAFLKRAILAQYNNLTKPFCVLMDTFYELEKPTVDHTIELLAPLPIKPVGPLFKKKVTGGSDVRADPIRPDQDCLSWLDGQPDGSVIYISFGTVVFLPQKQVDEIAAALEAADLSFLWVMKPPLKESGWTPHCLPDGFLERVGQNGKVVQFAPQEQVLAHPALACFMTHCGWNSTMESLTSGVPVIAFPSWGDQVTDAKFLCDVYKTGIQLTRGEHEKKIIPRDEVEKCLREATSGPKAEEMKENALKWKAHAEETIADGGSSDQNIDFFVEGVRKRSEVVLAKATNGVDANGYSLHIEANG*
Cb6OGT	AAL57240	Cleretum bellidiformis	-	MSKIELVLVPTPGMGHLLSAVELSKLIIRRENRISVLILILSFPFDSGLVNAYVDFQSRDPDNSGSLTFITLPPLSNIPDCTSSTFFTTVIELHKPNVKQVVEERVRSGSPKPAGFVIDMLCPAMMDVAEELEVPSYILFTSGANLLNVVFHFLSLADNGVDIATEVNDPDKEVDVPGFRNRVPCKVLPLPFLEKDFLVKRGRRFRRSNGILVNTSNELESYAIQTLLEQAKDNKIPPVYPVGPILELNSKSRCGTKEDEEVSIMRWLDEQPVNSVLFVCFGSMGTFDEDQVKEIANGLEQSGYCFLWSLRQPPPEGKATPSEEAFLDTLPEGFVERTSHKGKIIGWAPQVSILAHKAVGGFVSHCGWNSTLESLWFGVPMATWPISAEQQLNAFELVKEFGMAVEIRMDFWRDCRKNTQSFVVTSEEIENGVKKLMSMDEEMVEKVKKMSDKSRKTLEDGGSSHHSLGRFINDLLENAGF*
At6OGT	AJY59055.1	Amaranthis tricolor	-	MEIVFIPSPGMGHLISTVNMAKLILQGDHRFSIFIIIINSPMSFSTVNSFIDSQKRDNQYPTRLIFHTLPPLLNPPEPPSPTFFQTFRDLQKPLVKQAIEERIQEGSPKLSGFILDMFCTDMIDIADQFQVPSYVFFTSGANLLNVLFHFQSLADDEGVDLSAEFDDPNTEFAISGFVNPLKEKYLPAVLVDKELGSAMLIKHAKGLRKSKGILINTFVELETIGTDALFDLVAKGSIPPVYPVGPILELGKNSTSGSHQDYMSMMKWLDDQPCSSVVFLCFGSMGSFDADQVKEIANGLEKSGCRFLWSLRKPPPEGKFAKPSEDGTFEDALPEGFMDRTAERGKIIGWAPQVSILEHFAIGGFVSHCGWNSTLESMWFGVPMATWPLYAEQQLNAFSLVKELGLAVEIRMDYRRDFRSNKANFQVTAEEIEYGVRKLMCMDDGARNRASEIRRKSRKALEDGGSSHKSLRRFIEHVLSNVG*
Cq6OGT	UGY86975.1	C. quinoa	-	MELVFVPTPGMGHLLSTVELTKRILDRDHRISIVILIINSPTTFQTLNSFIESQSRDNHYPTRLTFCSLPPLSNPPNPTSPNFFQTLLDLHKPLVKTAVEDRVKAGSGLAGFVLDMFCTNMIEVSDHFMVPSYIFFTSGVSLLNLAFHFQMLEDDQGVDTATKFNDPSIEFDTPGFVNRVPGKVVPAVFLDKESGSSMILNHTRAFKKSKGIIVNTYIELETYGVQSLFERVGKNGVPAIYPVGPILELDTKGRGGDRVESEESIIKWLDDQPSSSVVFLCFGSMGSFEEDQVMEIANGLEKSGHRFLWSLRKPPPEGKVGMPSEHETFENVLPEGFLDRTSERGKVIGWAPQVSILSHKAVGGFVSHCGWNSTLESLWFGVPMATWPLYAEQQLNAFELVKELGLAVEIRMDYRRDWKIRKGNFTVTAEEIENGVKKLMGLDEETKNKVREMSDKGRNALEDGGSSHKWLGQFIEDVMSNVA*
BgGT1		Bougainvillea glabra	-	MGSEGEQKMQHLTHVFMISFPGQGHINPLLRLGKRLASKGLLVTFSTTADFGHAIRSSNDAVSDQPVPVGNGFIRFEFIDDEWPETDPRRIDMDQYLPQYELVGRKKLPQMLGRLAQEGRPVSCLINNPFIPWVSDVAEQLGLPSAMLWVQSCACFLAYYYYHNKLVPFPDENTPHMDVEIPSLPLLKWDEMPTFLHPTTPYPFLRRAILSQYENLSKPFCILADTFYELEKEIVDHTNTLCPIRPVGPLFKDPKPEPGSGFARVRADPMRADQECIKWLDSKPARSVVYISFGTVVFLKQEQVDEIAGGLEAAGIPFLWVMKPPHPDAGKQPHHLPEGFLDRAGDNGKVVHFSPQEQVLAHPSVACFMTHCGWNSSMEALTSGVPVIAFPQWGDQVTDAKFLCDVFGVGIQLCKGEHDNRIISREEVDKCLKDATSGP
BgGT2		B. glabra	++	MESESKTEREHILMVPFMAQGHLRPFLELGLLLHSRTHFSITLLTTPLNAQYLRQQHHPNTGVRIVELPFNSADHGLPPGIENTSKLPLPLVVSLFHSSSSLEPHLRNFISLNFTPTKPPLCIIHDVFFGWVDSVAKSVGSTAIAFTTGGAYGTAAYASIWNELPHRNLSDDHDFPLPGFPDTHRFRRTQLHRFVRYADGDDDWSRFFQPQIRLSMGSFGWLCNSVQEIEPLGFQILRNYINLPIWGIGPLIATPVHIDNECIQWLSTKQPDSVLYISFGSQNTVSPTQMMELAAGLESSEKPFLWVIRAPFGFDINGEMRPEWLPEGFEERIKEKKQGILVHKWGPQLEILNHKSTGGFLTHCGWNSVLESLREGVPMLGWPLAAEQAYNLKYMEEEMGVAVEIARGLEGEISKEKAKRIVEMVLEREQGSKGWEMKNRAVEMGNKLNEAMKECKGSSIKATDDFLDFIMSKRSKPIG
BgGT3		B. glabra	-	MKMENQESTKSTPPLTAYFLPYLTPSHFMPVVQMAQLFASRGVHVTILITHHNSLLFKDSITELADRGFQIHIHLLDFPSKQVGLPEGIESLSIATTKELAGKVIRAFMMLQKPMEDAVRAARPNFIVSDMHCFWASDLAHELGIPCLLFHARPFVGLCAIDAIYRYKPYESVTSDEDPFLLPGLPDPLQMYRSEMPDWIRTPNPYTHFVNKIMEGDKKSYGALVFSFNEVEQAYADHYTKTLGRQAWAIGPLPLHCATALPLAQAKKDEEQSKNPCLEWLDKMERDSVLYVSFGSLSRFTSDQLFEIAMGLESAGHPFIWVVRKSEGTEPGWLPDGFKTRIREQNLGMLIEGWAPQVKILDHTSTGGFMTHCGGNSITESVTSGVPMITWPLSADHFYHRKLVTEVAKIGVDVGNKKWGTMIEATDELVGRERIEWAVKELMGGGDEEAEERRRRARELSVAAKKTVQPGGSSYDNLTHVIDEIRRFTLSAQQS
