enzyme	sequence	isoelectric_point	molecular_weight	uniprot/genbank
UGT73B4	MNREQIHILFFPFMAHGHMIPLLDMAKLFARRGAKSTLLTTPINAKILEKPIEAFKVQNPDLEIGIKILNFPCVELGLPEGCENRDFINSYQKSDSFDLFLKFLFSTKYMKQQLESFIETTKPSALVADMFFPWATESAEKIGVPRLVFHGTSSFALCCSYNMRIHKPHKKVASSSTPFVIPGLPGDIVITEDQANVTNEETPFGKFWKEVRESETSSFGVLVNSFYELESSYADFYRSFVAKKAWHIGPLSLSNRGIAEKAGRGKKANIDEQECLKWLDSKTPGSVVYLSFGSGTGLPNEQLLEIAFGLEGSGQNFIWVVSKNENQVGTGENEDWLPKGFEERNKGKGLIIRGWAPQVLILDHKAIGGFVTHCGWNSTLEGIAAGLPMVTWPMGAEQFYNEKLLTKVLRIGVNVGATELVKKGKLISRAQVEKAVREVIGGEKAEERRLRAKELGEMAKAAVEEGGSSYNDVNKFMEELNGRK	7.121891593933107	53960.33879999998	Q7Y232
UGT73C1	MASEFRPPLHFVLFPFMAQGHMIPMVDIARLLAQRGVTITIVTTPQNAGRFKNVLSRAIQSGLPINLVQVKFPSQESGSPEGQENLDLLDSLGASLTFFKAFSLLEEPVEKLLKEIQPRPNCIIADMCLPYTNRIAKNLGIPKIIFHGMCCFNLLCTHIMHQNHEFLETIESDKEYFPIPNFPDRVEFTKSQLPMVLVAGDWKDFLDGMTEGDNTSYGVIVNTFEELEPAYVRDYKKVKAGKIWSIGPVSLCNKLGEDQAERGNKADIDQDECIKWLDSKEEGSVLYVCLGSICNLPLSQLKELGLGLEESQRPFIWVIRGWEKYNELLEWISESGYKERIKERGLLITGWSPQMLILTHPAVGGFLTHCGWNSTLEGITSGVPLLTWPLFGDQFCNEKLAVQILKAGVRAGVEESMRWGEEEKIGVLVDKEGVKKAVEELMGDSNDAKERRKRVKELGELAHKAVEEGGSSHSNITFLLQDIMQLEQPKK	5.311569786071779	55223.0634	Q9ZQ99
OsCGT	MPSSGDAAGRRPHVVLIPSAGMGHLVPFGRLAVALSSGHGCDVSLVTVLPTVSTAESKHLDALFDAFPAVRRLDFELAPFDASEFPGADPFFLRFEAMRRSAPLLGPLLTGAGASALATDIALTSVVIPVAKEQGLPCHILFTASAAMLSLCAYFPTYLDANAGGGGGVGDVDIPGVYRIPKASIPQALHDPNHLFTRQFVANGRSLTSAAGILVNTFDALEPEAVAALQQGKVASGFPPVFAVGPLLPASNQAKDPQANYMEWLDAQPARSVVYVSFGSRKAISREQLRELAAGLEGSGHRFLWVVKSTVVDRDDAAELGELLDEGFLERVEKRGLVTKAWVDQEEVLKHESVALFVSHCGWNSVTEAAASGVPVLALPRFGDQRVNSGVVARAGLGVWADTWSWEGEAGVIGAEEISEKVKAAMADEALRMKAASLAEAAAKAVAGGGSSHRCLAEFARLCQGGTCRTN	5.528296852111817	49430.7147000001	C3W7B0
ZmUGT/UGT708A6	MAANGGDHTSARPHVVLLPSAGMGHLVPFARLAVALSEGHGCNVSVAAVQPTVSSAESRLLDALFVAAAPAVRRLDFRLAPFDESEFPGADPFFLRFEATRRSAPLLGPLLDAAEASALVTDIVLASVALPVARERGVPCYVLFTSSAAMLSLCAYFPAYLDAHAAAGSVGVGVGNVDIPGVFRIPKSSVPQALHDPDHLFTQQFVANGRCLVACDGILVNTFDAFEPDAVTALRQGSITVSGGFPPVFTVGPMLPVRFQAEETADYMRWLSAQPPRSVVYVSFGSRKAIPRDQLRELAAGLEASGKRFLWVVKSTIVDRDDTADLGGLLGDGFLERVQGRAFVTMGWVEQEEILQHGSVGLFISHCGWNSLTEAAAFGVPVLAWPRFGDQRVNAALVARSGLGAWEEGWTWDGEEGLTTRKEVAKKIKGMMGYDAVAEKAAKVGDAAAAAIAKCGTSYQSLEEFVQRCRDAERK	5.5745069503784155	50602.153700000075	A0A096SRM5
FeCGTa/UGT708C1	MMGDLTTSFPATTLTTNDQPHVVVCSGAGMGHLTPFLNLASALSSAPYNCKVTLLIVIPLITDAESHHISSFFSSHPTIHRLDFHVNLPAPKPNVDPFFLRYKSISDSAHRLPVHLSALSPPISAVFSDFLFTQGLNTTLPHLPNYTFTTTSARFFTLMSYVPHLAKSSSSSPVEIPGLEPFPTDNIPPPFFNPEHIFTSFTISNAKYFSLSKGILVNTFDSFEPETLSALNSGDTLSDLPPVIPIGPLNELEHNKQEELLPWLDQQPEKSVLYVSFGNRTAMSSDQILELGMGLERSDCRFIWVVKTSKIDKDDKSELRKLFGEELYLKLSEKGKLVKWVNQTEILGHTAVGGFLSHCGWNSVMEAARRGVPILAWPQHGDQRENAWVVEKAGLGVWEREWASGIQAAIVEKVKMIMGNNDLRKSAMKVGEEAKRACDVGGSSATALMNIIGSLKR	6.148808097839355	50374.03520000006	A0A0A1HA03
FeCGTb/UGT708C2	MMGDLTTSFPATTLTTNEQPHVVVCSGAGMGHLIPFLNLASTLSSAPYRCKVTLLIVIPLITDAESHHISSFFSSHPTIHRLDFHVNLPAPKPNVDPFFLRYKSISDSAHRLPVHLSTLAPPISAVFSDFLFTQGLNTTLPHLPNYTFTTTSARFFTLMSYVPHLAKSSSSSPVEIPGLEPFPTDNIPPPFFNPDHIFTSFTISNANYLSLSKGIIVNTFDSFEPETLSALNSGDSLPDLPPVIPIGPLNELEHNKQEELLPWLDQQPEKSVLYVSFGNRTAMSSDQILELGMGLERSDCRFIWVVKTSKIDKDDKSELRKLFGEELYVKLSEKGKLVKWVNQTEILGHTAVGGFLSHCGWNSVMEAARRGVPILAWPQHGDQRENAWVVEKAGLGVWEREWSSGIQVAIVEKVKMIMGNNDLRNSAVRVGEEAKRACDVGGSSATALMNIIGSLKR	6.057581520080566	50432.05460000005	A0A0A1H7N4
GmCGT/UGT708D1	MSSSEGVVHVAFLPSAGMGHLNPFLRLAATFIRYGCKVTLITPKPTVSLAESNLISRFCSSFPHQVTQLDLNLVSVDPTTVDTIDPFFLQFETIRRSLHLLPPILSLLSTPLSAFIYDITLITPLLSVIEKLSCPSYLYFTSSARMFSFFARVSVLSASNPGQTPSSFIGDDGVKIPGFTSPIPRSSVPPAILQASSNLFQRIMLEDSANVTKLNNGVFINSFEELEGEALAALNGGKVLEGLPPVYGVGPLMACEYEKGDEEGQKGCMSSIVKWLDEQSKGSVVYVSLGNRTETRREQIKDMALGLIECGYGFLWVVKLKRVDKEDEEGLEEVLGSELSSKVKEKGVVVKEFVDQVEILGHPSVGGFLSHGGWNSVTETVWKGVPCLSWPQHSDQKMSAEVIRMSGMGIWPEEWGWGTQDVVKGDEIAKRIKEMMSNESLRVKAGELKEAALKAAGVGGSCEVTIKRQIEEWKRNAQAN	5.415357780456541	52514.71360000002	I1L3T1
GtUF6CGT1	MGSLTNNDNLHIFLVCFIGQGVVNPMLRLGKAFASKGLLVTLSAPEIVGTEIRKANNLNDDQPIKVGSGMIRFEFFDDGWESVNGSKPFDVWVYINHLDQTGRQKLPIMLKKHEETGTPVSCLILNPLVPWVADVADSLQIPCATLWVQSCASFSAYYHYHHGLVPFPTESEPEIDVQLPGMPLLKYDEVPDYLHPRTPYPFFGTNILGQFKNLSKNFCILMDTFYELEHEIIDNMCKLCPIKPIGPLFKIPKDPSSNGITGNFMKVDDCKEWLDSRPTSTVVYVSVGSVVYLKQEQVTEMAYGILNSEVSFLWVLRPPSKRIGTEPHVLPEEFWEKAGDRGKVVQWSPQEQVLAHPATVGFLTHCGWNSTQEAISSGVPVITFPQFGDQVTNAKFLVEEFKVGVRLGRGELENRIITRDEVERALREITSGPKAEEVKENALKWKKKAEETVAKGGYSERNLVGFIEEVARKTGTK	5.669257545471193	53516.766100000066	A0A0B6VIJ5
MiCGT	MSASDALNSCPHVALLLSSGMGHLTPCLRFAATLVQHHCRVTIITNYPTVSVAESRAISLLLSDFPQITEKQFHLLPFDPSTANTTDPFFLRWEAIRRSAHLLNPLLSSISPPLSALVIDSSLVSSFVPVAANLDLPSYVLFTSSTRMCSLEETFPAFVASKTNFDSIQLDDVIEIPGFSPVPVSSVPPVFLNLNHLFTTMLIQNGQSFRKANGILINTFEALEGGILPGINDKRAADGLPPYCSVGPLLPCKFEKTECSAPVKWLDDQPEGSVVYVSFGSRFALSSEQIKELGDGLIRSGCRFLWVVKCKKVDQEDEESLDELLGRDVLEKIKKYGFVIKNWVNQQEILDHRAVGGFVTHGGWNSSMEAVWHGVPMLVWPQFGDQKINAEVIERSGLGMWVKRWGWGTQQLVKGEEIGERIKDLMGNNPLRVRAKTLREEARKAIEVGGSSEKTLKELIENWKKTSRKT	6.241285133361816	52122.31550000002	A0A0M4KE44
MiCGTb	MSASDALNSCPHVALLLSSGMGHLTPCLRFAATLVQHHCRVTIITNYPTVSVAESRAISLLLSDFPQITEKQFHLLPFDPSTANTTDPFFLRWEAIRRSAHLLNPLLSSISPPLSALVIDSSLVSSFVPVAANLDLPSYVLFTSSTRMCSLEETFPAFVASKTNFDSIQLDDVIEIPGFSPVPVSSVPPVFLNLNHLFTTMLIQNGQSFRKANGILINTFEALEGGILPGINDKRAADGLPPYCSVGPLLPCKFEKTECSAPVKWLDDQPEGSVVYVSFGSRFALSSEQIKELGDGLIRSGCRFLWVVKCKKVDQEDEESLDELLGRDVLEKIKKYGFVIKNWVNQQEILDHRAVGGFVTHGGWNSSMEAVWHGVPMLVWPQFGDQKINAEVIERSGLGMWVKRWGWGTQQLVKGEEIGERIKDLMGNNPLRVRAKTLREEARKAIEVGGSSEKTLKELIENWKKTSRKT	6.241285133361816	52122.31550000002	A0A0M4KE44
FcCGT/UGT708G1	MSDSGGFDSHPHVALIPSAGMGHLTPFLRLAASLVQHHCRVTLITTYPTVSLAETQHVSHFLSAYPQVTEKRFHLLPFDPNSANATDPFFLRWEAIRRSAHLLAPLLSPPLSALITDVTLISAVLPVTINLHLPNYVLFTASARMFSLTASFPAIVASKSTSSGSVEFDDDFIEIPGLPPIPLSSVPPAVMDSKSLFATSFLENGNSFVKSNGVLINSFDALEADTLVALNGRRVVAGLPPVYAVGPLLPCEFEKRDDPSTSLILKWLDDQPEGSVVYVSFGSRLALSMEQTKELGNGLLSSGCRFLWVVKGKTVDKEDEESLKNVLGHELMEKIKDQGLVVKNWVDQDKVLSHRAVGGFVSHGGWNSLVEAARHGVPVLVWPQFGDQKINAEAVESAGLGMWVRSWGWGTELRAKGDEIGLKIKDLMANDFLREQAKRIEEEARKAIGVGGSSERTFKELIDKWKCNNNTH	5.9364007949829105	51610.37920000002	A0A224AM54
CuCGT/UGT708G2	MSDSGGFDSHPHVALIPSAGMGHLTPFLRLAASLVQHHCRVTLITTYPTVSLAETQHVSHFLSAYPQVTEKRFHLLPFDPNSANATDPFLLRWEAIRRSAHLLAPLLSPPLSALITDVTLISAVLPVTINLHLPNYVLFTASAKMFSLTASFPAIVASKSTSSGSVEFDDDFIEIPGLPPIPLSSVPPAVMDSKSLFATSFLENGNSFVKSNGVLINSFDALEADTLVALNGRRVVAGLPPVYAVGPLLPCEFEKRDDPSTSLILKWLDDQPEGSVVYVSFGSRLALSMEQTKELGDGLLSSGCRFLWVVKGKIVDKEDEESLKNVLGHELTEKIKDQGLVVKNWVDQDKVLSHRAVGGFVSHGGWNSLVEAARHGVPLLVWPHFGDQKINAEAVERAGLGMWVRSWGWGTELRAKGDEIGLKIKDLMANDFLREQAKRIEEEARKAIGVGGSSERTFKELIDKWKCNNNTH	5.981189918518067	51623.44110000002	A0A224AKZ9
PlUGT43	MTRYEVVFIAIPTLGNLVPQVEFANLLTKHDPRFSATILTVSMPQRPLMNTYVQARASSAANIKLLQLPIVDPPAPEQYQTLVGFLSLHMQNHKHHVKHALLNLMKTTESNSSNSVRLAAIFVDMFSTTLIDVAAELAVPCYLFFASPASCLGFTLDLPRFDLAESKSEFTVPCFKNLLPRSVFPNLVLDAKDGTFWLSYHARRYKETKGIVINTLQELETHALQSLHNDSQLQRVYPIGPILDLVGSAQWDPNPAQYKRIMEWLDQQPLSSVVLLCFGSMGSLEANQVEEIAIGLERAGVRFLWALRESPKAQLEYPRDYENHKDVLPDGFLERTNNIGLVCGWVPQAVVLAHKAVGGFVSHCGWNSILESLWHGVPVATWPLYSEQQMNAFQMVRDLGLAVEISVDYRVGADLVRAEEVENGLRSLMKGGDEIRRKVKEMSDTCRGALLENGSSYSNLVSLIQELTS	5.833124351501465	52436.66010000008	A0A172J2G3
TcCGT1	MEKSNPNSTSKPHVFLLASPGMGHLIPFLELSKRLVTLNTLQVTLFIVSNEATKARSHLMESSNNFHPDLELVDLTPANLSELLSTDATVFKRIFLITQAAIKDLESRISSMSTPPAALIVDVFSMDAFPVADRFGIKKYVFVTLNAWFLALTTYVRTLDREIEGEYVDLPEPIAIPGCKPLRPEDVFDPMLSRSSDGYRPYLGMSERLTKADGLLLNTWEALEPVSLKALRENEKLNQIMTPPLYPVGPVARTTVQEVVGNECLDWLSKQPTESVLYVALGSGGIISYKQMTELAWGLEMSRQRFIWVVRLPTMEKDGACRFFSDVNVKGPLEYLPEGFLDRNKELGMVLPNWGPQDAILAHPSTGGFLSHCGWNSSLESIVNGVPVIAWPLYAEQKMNATLLTEELGVAVRPEVLPTKAVVSRDEIEKMVRRVIESKEGKMKRNRARSVQSDALKAIEKGGSSYNTLIEVAKEFEKNHKVL	5.820619773864746	53892.63490000003	A0A4Y5RXX8
WjGT1/UGT84A57	MELETSSSPNPIHVMLVSFQGQGSVSPLLRLGKLIASKGPVVTFVTTEFWGKKMRQANKIVDGELKPVGSGYIRFEFFDDGWAEDDARRGDFDLYLSQLEQAGKRQVSKIVRRYEEKNDPVSCLINNPFIPWVGHVAEEFNILYAVLWIQSCACFSTYYHYQNGSVSFPTETEPKLDVKLPCAPVLKHDEIPTFLHPSSSHFTAMRQAALGIFENLSKPFCVLISSFDALEQEVIDYMSKLCPIKTVGPLFKVAKTVISDVSGDFCKPSDQCLEWLDSRPRSSVVYISFGTVAYLKQEQMEEIARGVLQSGLSFLWVIRPPLEDLRLEAHVVPRELKEASDKGIGKIVDWCPQDQVLAHPSLACFVTHCGWNSTTEALSSGVPVVCFPQWGDQVTNAVYMVDVFKTAVRLGRGAAEGRVVPGEEVAEKLLEATVGEKAEELRKNALKWKAESEAAVAPGGSSEKNFREFMEKLGVKENGH	5.540289878845214	53434.540100000115	BBI55602.1
GgCGT/UGT708B4	MGENNMSSIAPHPVVHVALLPSAGMGHLTPFLRLASLLLHQHCHVTLITPQPTVSKAEEDLLSRFLSAFPQVNQLHFHLPPSDSTISTDPFFLQFASIRSSSHLLTPLLSSLTPPLSSFIYDMTLISPLLPIAESLGVPHYILFTSSATMFSFFSYFPTLAKSESFPGKLDFVEIPGVSVSSIPRSSIPPPLLVPNSLFGKLFMEDSPKLKKLHGVLVNTFEGIEKLSLEALNGGKVVKGLPPVYGVGPFVPCEFEKVVKRGETISEWLDEQPSGSVVYVSFGSRTAMGREQLREVGDGLVKSGWRFLWVVKDKIVDRAEEEGLDGVLGFELVERMVKEKKGLVVKEWVDQSEILGHKAVGGFVSHCGWNSVVEAAWFGVKILGWPLHGDQKINAEVVAKGGWGVWKEGWDWEGERLVKGEEIGEAIREVMNDESLVMKATQVKKDARKAISVGGGCEVALQKLMEVWKKNV	6.0876493453979466	51888.47070000003	QGL05036.1
OsCGT2/UGT708A4	MPSSGDAAGRRPHVVLIPSAGMGHLVPFGRLAVALSSGHGCDVSLVTVLPTVSTAESKHLDALFDAFPAVRRLDFELAPFDASEFPGADPFFLRFEAMRRSAPLLGPLLTGAGASALATDIALTSVVIPVAKEQGLPCHILFTASAAMLSLCAYFPTYLDANAGGGGGVGDVDIPGVYRIPKASIPQALHDPNHLFTRQFVANGRSLTSAAGILVNTFDALEPEAVAALQQGKVASGFPPVFAVGPLLPASNQAKDPQANYMEWLDAQPARSVVYVSFGSRKAISREQLRELAAGLEGSGHRFLWVVKSTVVDRDDAAELGELLDEGFLERVEKRGLVTKAWVDQEEVLKHESVALFVSHCGWNSVTEAAASGVPVLALPRFGDQRVNSGVVARAGLGVWADTWSWEGEAGVIGAEEISEKVKAAMADEALRMKAASLAEAAAKAVAGGGSSHRCLAEFARLCQGGTCRTN	5.528296852111817	49430.7147000001	C3W7B0
OsCGT3/UGT708A2	MPSSGDAAGRRPHVVLIPSAGMGHLVPFGRLAVALSSGHGCDVSLVTVLPTVSTAESKHLDALFDAFPAVRRLDFELAPFDASEFPGADPFFLRFEAMRRSAPLLGPLLTGAGASALATDIALTSVVIPVAKEQGLPCHILFTASAAMLSLCAYFPTYLDANAGGGGGVGDVDIPGVYRIPKASIPQALHDPNHLFTRQFVANGRSLTSAAGILVNTFDALEPEAVAALQQGKVASGFPPVFAVGPLLPASNQAKDPQANYMEWLDAQPARSVVYVSFGSRKAISREQLRELAAGLEGSGHRFLWVVKSTVVDRDDAAELGELLDEGFLERVEKRGLVTKAWVDQEEVLKHESVALFVSHCGWNSVTEAAASGVPVLALPRFGDQRVNSGVVARAGLGVWADTWSWEGEAGVIGAEEISEKVKAAMADEALRMKAASLAEAAAKAVAGGGSSHRCLAEFARLCQGGTCRTN	5.528296852111817	49430.7147000001	C3W7B0
OsCGT6/UGT708A40	MPSSGDAAGRRPHVVLIPSAGMGHLVPFGRLAVALSSGHGCDVSLVTVLPTVSTAESKHLDALFDAFPAVRRLDFELAPFDASEFPGADPFFLRFEAMRRSAPLLGPLLTGAGASALATDIALTSVVIPVAKEQGLPCHILFTASAAMLSLCAYFPTYLDANAGGGGGVGDVDIPGVYRIPKASIPQALHDPNHLFTRQFVANGRSLTSAAGILVNTFDALEPEAVAALQQGKVASGFPPVFAVGPLLPASNQAKDPQANYMEWLDAQPARSVVYVSFGSRKAISREQLRELAAGLEGSGHRFLWVVKSTVVDRDDAAELGELLDEGFLERVEKRGLVTKAWVDQEEVLKHESVALFVSHCGWNSVTEAAASGVPVLALPRFGDQRVNSGVVARAGLGVWADTWSWEGEAGVIGAEEISEKVKAAMADEALRMKAASLAEAAAKAVAGGGSSHRCLAEFARLCQGGTCRTN	5.528296852111817	49430.7147000001	C3W7B0
TaCGT1-A/UGT708A14	MAPPTVLNSGEPDSRRRARPHVVFVPSAGMGHLLPFFRFIGALSAHDVDISVVTVLPTVSAAENDHFARLFQDFPSIRRVDFNLLPLDASEFPGADPFLLRWEALRRSMHLLAPAIAGVSPRATAVVTDVTLVSHVNAIAKDLQLQCHVLFISSATMMSFLSYFPIYLDNKDAQADVGDVDIPGVRRLKRSWLPQPLLDLDKLFTKQFIDNGREVVKTDGVLINTFDALEPVALAALRDGKVIRGFPSVFAVGPYSSLASETKAADAESSALAWLNQQPARSVVYVAFGNRYHVSNDQLREIAAGLEASGCRFLWIVKTTAVDRDEAAGVRDVLGDGFVDRVRGRGMVTKAWVDQEAVLGHPAVGLFLSHSGWNSVTEAAAAGVPLLAWPRAGDHRVAGTVVASSGVGVWMEQWSWDGEEWLVSGQEIGGKVKEMMADAGVRERAAKVGELAAKAVAEGGTSRTSMLEFVAKLKAT	6.027797889709471	51460.19580000017	A2YBW7
TaCGT1-B/UGT708A52	MPTSGDGSGALPHVVLLPSAGMGHLVPFSRLAVSFSSSDHGCGVSVVTVLPTVSSAESAHLDALFGACPAVRRLDFHLARFDASEFPGADPFFLRFEAMRRSAPLLGPLLAGAGASALVTDIALASVVIPVARELRLPCYVLFTASAAMLSLCVHFPAYLDANAGGPVGDVDIPGVYRVPKASIPQALHHPEHLFTRQFVANGRELAKSDGLLVNSFDEFEPEAISALRDGSVAAGFPPVFSVGPLAPVSFSAGEPPENQADYMRWLEAQPTRSVVYVSFGSRKAISKDQLKELAVGLEASGHRFLWVVKSTVVDREDEAELSELLGEGFLERVHGRGMVTKGWVEQEEVLKQESIGLFISHCGWNSVTEAAANGLPVLAWPRFGDQRVNAGVVARSGLGVWEERWSWEGEEGVVSGENIAEKVKAVMADETVRNKAVSVQDAAAKAVADGGTSYRSLAQFVQRCRDLSVSK	5.382391166687013	50329.56320000009	A0A3B6SEV6
TaCGT1-D/UGT708A53	MPTSGDASGALPHPHVVLLPSAGMGHLVPFSRLAVSLSSPGHGCGVSVATVLPTVSSAESAHLDALFGACPAVRRLDFHLAPFDASEFPGADPFFLRFEAMRRSAPLLGPLLAGAGASALVTDIALASVVIPVARDLRLPCYVLFTASAAMLSLCVHFPAYLDANAGGPVGDVGIPGVYRVPKASIPQALHHPEHLFTQQFVANGRELAKADGLLVNSFDAFEPEAIAALRNGSVAAGFPPVFSVGPLAPVSFSASEPPENQADYMRWLEAQPARSVVYVSFGSRKAISKDQLRELAVGLEASGHRFLWVVKSTVVDRDDEAELSELLGEGFLERVQGRGMVTKGWVEQEEVLKQESIGLFISHCGWNSVTEAAANGLPVLAWPRFGDQRVNAGVVARSGLGVWEERWSWEGEEGTVSGHNIAEKVKTVMADKTVRNKAVSVQDAAAEAVADGGTSYRSLAQFVQRCRDLSVSK	5.65476360321045	50262.5683000001	A0A3B6TPG6
TaCGT2-A/UGT708A15	MAPPTVLNSGEPDSRRRARPHVVFVPSAGMGHLLPFFRFIGALSAHDVDISVVTVLPTVSAAENDHFARLFQDFPSIRRVDFNLLPLDASEFPGADPFLLRWEALRRSMHLLAPAIAGVSPRATAVVTDVTLVSHVNAIAKDLQLQCHVLFISSATMMSFLSYFPIYLDNKDAQADVGDVDIPGVRRLKRSWLPQPLLDLDKLFTKQFIDNGREVVKTDGVLINTFDALEPVALAALRDGKVIRGFPSVFAVGPYSSLASETKAADAESSALAWLNQQPARSVVYVAFGNRYHVSNDQLREIAAGLEASGCRFLWIVKTTAVDRDEAAGVRDVLGDGFVDRVRGRGMVTKAWVDQEAVLGHPAVGLFLSHSGWNSVTEAAAAGVPLLAWPRAGDHRVAGTVVASSGVGVWMEQWSWDGEEWLVSGQEIGGKVKEMMADAGVRERAAKVGELAAKAVAEGGTSRTSMLEFVAKLKAT	6.027797889709471	51460.19580000017	A2YBW7
TaCGT2-B/UGT708A54	MASSPRDDRAGAAAPRPRIVLLPSASMGHLAPFSRLAAALSSGHACDVSLVTVLPTVSSAESGQLDALFAAFPAVRRLDFQLPPLDAPELSGADPFYVHYEATRRSARLLAPLLAAADASVLVADISLASVLIPVASELRLPCYVFFTASATMFSFYAYYPTYLDAAGAGDADVPGVYRIPKSSFPQALHDRNNLFTQQFVANGRSLSKADGLLINTFDALEPEAVTALRQGSVVPGCPPVFTVGPLSPVSFPARASADYSACLDAQPERSVVYVSFGSRKALARDQLSELADGLEASGCRFLWVVKGAVVDKDDGAELSELLGEGFLQRVSGRALVTKAWVEQGEVLKHPAIGMFVSHCGWDSLTEAFATGVPVLAWPRFADQRVNAGIVARCGAGVWVERWSWEGDEGVVKGEEIAEKVKSVMANEMLRRSSTMVREAAMTAVAGGGTSYRSLAELVARCCDGSASQ	5.328791999816893	49737.043300000114	A0A3B6SB95
SbCGT1/UGT708A36	MAPSAMPASGDHTGATPHVVLLPSAGMGHLVPFARLAVALSEGHGCDVSFAAVLPTVSSAESRHLRALFAAAPAVRRLDFRLAPFDESQFPGADPFFLRFEALRRSAPLLGPLLDAAQASALVTDIVLASVVLPVAKARGVPCYVLFTSSAAMLSLCAYFPAHLDANAAAGGGRLGVGDVDIPGVYRIPKSSVPQALHDPKHLFTQQFVANGRGLVAADGILVNTFDAFEPDAITALRQGSVVSDFPPVFAVGPLQPVRFQVAEKPAHYMRWLSAQPARSVVYVSFGSRKAISTDQLRELAAGLEASGQRFLWVVKSTVVDRDDAADLADLLGDGFLERVQGRAFVTKGWVEQEEILQHGSVGLFISHCGWNSVTEAAAFGVPVLAWPRFGDQRVNAAVVARGGLGAWEERWTWDGEKGLVTGEEVAEKINAVVGNDVVARKAARVGDAAAAAAGKGGTSYQSLADFVGRCRDAGW	6.136928749084471	50224.60250000012	C5Z8Y8
SbCGT2/UGT708A35	MSSPALSTTSSHVPRGAPHVVLFPSAGMGHLVPFTRLAVALSAGHGCDISLVTAMPTVSSAESRHIAALCAAFPAIRQLDLDLRLAPFDASSEFPGADPFYVRYEALRRAAPVLLGPLLAGAGASALVADIALASVAIPVARELHVPCFVFFTASATMFSLKAYFPTYLDAVGAGHGVGDVDVPGVYRIPSSSVPQALHDPDNIFTRQFVANGRALVTADGLLVNAFHAMEPEAVEALRGGSVVPGLPPVFAVGPLMPVSELRETGEAEQEQGNCYREWLDEQPPRSVVYVSFGSRKALPKDQMNELAAGLEACGHRFLWVVKGAVVDRDDAGELSDLLGEGFLRRVQGQGRGLVTKSWVEQEEVLRHPAVALFVSHCGWNSVTEAASGGVPVLAWPRFADQRVNARVVARAGLGVWAEQWSWEGEEAVVRAEEIAELVMEAMGDDAMAEKAANVREAASRAVADGGTSYQSLAAFVRRCTA	5.236997032165528	51128.59280000013	C5Z8Y5
SbCGT3/UGT708A34	MAPPATKSLGELDGGARPHVMFIPSAGMGHLLPFFRVIAALAAHDVVDISVVTVLPTVSAAEADHFASLFAALPRVSRVDFHLLPFDASSEFPGHDPFLLRWEALRRSAHLFRPLIAGAAGPRVSAVVTDVTLTSHVIPIAKELGVQCHVLFVSCATMLSLAAYTPVHLDKKNKGEHGPGVGVGVGVGDVDIPGVRRIPQSYLPQPLLDLNKLFTKQFIDNGREIINADGFLVNTFDALEPVALAALRDGKVVAGFPPVYAIGPLRSKEEEATTGSPPVAWLDEQPARSVVYVAFGNRNAVSLEQIREIAAGLEASGCRFLWVLKTTTVDRDDTAELTDDVLGEGFLERVQGRGLVTKAWVDQEAVLKHASVGLFLSHSGWNSVTEAAAAGVPLLAWPRGGDHRVNATVVVSGGVGVWMEQWSWDGEDWLVTGEEIGKKVKEVMSDAAVRARATRTGEEAAKAVAEGGTSYRSMQKFISSLKAHCSP	5.853529548645018	52055.89450000013	C5Z8Y2
ZmCGT2/UGT708A5	MAPPPAMQSPGELNDGAYDAPHILFIPSAGIGHLTPVFRVIAGFSSRGIDVSVVTVLPTVSAAETDYFNGLFADYPAVRRVDMHLLPLDASEFTREDPFFLRWEALRRSVHLLRPIITNAAPRITAIITDITLTSCVIPIAKELDVPCHVLFPTAATMLSLNAYYPVYLEKLKGGPEPGVIGDAVDIPGVFRVPRSALPPALLDVNKLFTKQFIDNGRAIVKADGVLVNTFDAVEPAPLAALRGGKIVPGYPPVYTIGPLKSHATKAGDKPGDALLDEWLGKQRARSVVYVAFGNRSAARLDQIREIAAGLEDSGYPFLWVLKTTKVDREDDAELAEVLGDGYLERVKGRGIVTKGWVEQEELLKHPAVGMFVSHGGWNSALEASSAGVPLLVWPQLGDHRVNAMAAVRAGIGAWAEHWSWDGEDTLVTRQEIADKVKEVMADGKLRASVAVAREEAAKAVAEGGTSYRNMHDFIAKLKGGA	5.826474189758301	52014.081500000095	B6SWX3
ZmCGT3/UGT708A11	MAPPTVLNSGEPDSRRRARPHVVFVPSAGMGHLLPFFRFIGALSAHDVDISVVTVLPTVSAAENDHFARLFQDFPSIRRVDFNLLPLDASEFPGADPFLLRWEALRRSMHLLAPAIAGVSPRATAVVTDVTLVSHVNAIAKDLQLQCHVLFISSATMMSFLSYFPIYLDNKDAQADVGDVDIPGVRRLKRSWLPQPLLDLDKLFTKQFIDNGREVVKTDGVLINTFDALEPVALAALRDGKVIRGFPSVFAVGPYSSLASETKAADAESSALAWLNQQPARSVVYVAFGNRYHVSNDQLREIAAGLEASGCRFLWIVKTTAVDRDEAAGVRDVLGDGFVDRVRGRGMVTKAWVDQEAVLGHPAVGLFLSHSGWNSVTEAAAAGVPLLAWPRAGDHRVAGTVVASSGVGVWMEQWSWDGEEWLVSGQEIGGKVKEMMADAGVRERAAKVGELAAKAVAEGGTSRTSMLEFVAKLKAT	6.027797889709471	51460.19580000017	A2YBW7
ZmCGT4/UGT708A41	MCSAATPNSGDVRATPGSSRPHVVLLPSAGMGHLVPFTRLAAALCSGHGCDVSLVAAVPTVSSAEARHLAAHFTAFPAVRRLELDLASLDVSEFAGADPFYVRYEAIRRSASLLAPLLAGGASAAASALVADIALASVVIPVAKDLRLPCYVFFTASATMFSFLAYLPTYLDANAGGGHAIGDVDVPGVCRVPTSSVPQALHDPDDIFTRQFIANARSLANADGLVVNAFDALEPEAVAALRQGTVAAGLPPVFAVGPLSPAPIPAKDSGSYLPWLDAQPARSVVYVSFGSRKALPRDQLSELAAGLEASGHRFLWVVKGAVVDRDDAGELTDLLGEAFLQRIHGRGLVTMAWVRQEEVLNHPSVGLFISHCGWNSVTEAAASGVPVVAWPRFADQRVNAGVVARAGIGVWVDTWSWEGEDDGVVSAEDIAGKVRSAMADEGVRKAAASVREAAARAVAAGGSSYRSLAELVRRCRDGLVITNGM	5.6806253433227525	50487.824500000126	Q5VMG8
ZmCGT5/UGT708A42	MCSAATPNSGDVRATPGSSRPHVVLLPSAGMGHLVPFTRLAAALCSGHGCDVSLVAAVPTVSSAEARHLAAHFTAFPAVRRLELDLASLDVSEFAGADPFYVRYEAIRRSASLLAPLLAGGASAAASALVADIALASVVIPVAKDLRLPCYVFFTASATMFSFLAYLPTYLDANAGGGHAIGDVDVPGVCRVPTSSVPQALHDPDDIFTRQFIANARSLANADGLVVNAFDALEPEAVAALRQGTVAAGLPPVFAVGPLSPAPIPAKDSGSYLPWLDAQPARSVVYVSFGSRKALPRDQLSELAAGLEASGHRFLWVVKGAVVDRDDAGELTDLLGEAFLQRIHGRGLVTMAWVRQEEVLNHPSVGLFISHCGWNSVTEAAASGVPVVAWPRFADQRVNAGVVARAGIGVWVDTWSWEGEDDGVVSAEDIAGKVRSAMADEGVRKAAASVREAAARAVAAGGSSYRSLAELVRRCRDGLVITNGM	5.6806253433227525	50487.824500000126	Q5VMG8
SiCGT1/UGT708A31	MPTSGDHSGARPHVVLLPSAGMGHLVPFGRLAVALSAGHGCDVSVAAVLPTVSSAEARHLEALFAAADPAVRRLDFRLAPFDASEFPGADPFFLRFEAMRRSAPLLGPLLATAGASAVVTDIVLASVVLPVARECGVPCYVLFTASAAMLAFCAHFPGYLDANSAAGRAGVVGDVDIPGVYRIPKSSVPQALHDPKHLFTQQFVANGRGLVDADGILVNTFDALEPEAVTALRKGKVVSSFPLVFAVGPLLPVMFPAKDPAGYMQWLDAQPARSVVYVSFGSRTAISPDQLLELAAGLEASGHRFLWVVKSTVVDRDDAGELGDLLGHGFLERVRGRALVTKGWVEQEEILQHGSVGLFVSHCGWNSVTEAAAFGVPVLAWPRFGDQRINAAVVTRGGLGAWEERWSWDGEEGLVSGEEVGEKIKAVMADETVAKKAAAVGDAAAAAATSKGGTSYRSLAEFVGRCRDAGSRQDR	5.767077445983888	49926.36250000012	K3XWN4
SiCGT2/UGT708A32	MSSPPPPNSTSDDCQGTAATPHIVLFPSAGMGHLVPFTRLAVALSAGHCCDVSLVTALPTVSSAESCHIAALFAAFPAVRRLDLRLAPLDASSEFPGADPFYVRYEALRRSTPLLLGPLLAGASASALVADIALASVAIPVARELRVPCYVFFTASATMLSFKAYFPTYLDANGGAGHSVGDVDVPGVCRVPRSSIPQALHDPDDIFTRQFVANGRALVAADGLLVNAFEAMEPEAVAALLGGSVVASLPPVFAVGPLMPLNLREAAEEQGNYRAWLDAQPPRSVVYVSFGSRKALARDQIRELAAWLEACGHRFLWVVKGAVVDRDDACELSDLLGEGFQRRVEGRGLVTKSWVEQDEVLRHPAVGLFVSHCGWNSVTEAAANGVPVLAWPRFADQRVNARVVARAGFGVWVERWSWEGEEAVVGAEEIAEQVVAAMGDQAVAEKAASVRDEAARAVADGGTSQQSLAEFVRRCRGGLAGPGTDLGRTWTARG	5.322482872009277	52302.846300000136	K3XWJ1
SiCGT3/UGT708A33	MKSPGELGSGARPHVMFIPSAGMGHLLPFLRVIAALARHDDVDVSVVTVLPTVSAAEADHLAGLFAAFPRVRRADLHLLPFDASEFPGHDPFLLRWEALRRSAHLLRPLIACGAAPRVSAIVTDVTLASHVIPISKELNVQCHVHFISCATMLSLLAKAELGPGVGDVDIPGVRRIPESYLPQPLRDLNNVFTKQFIDNGREIINADGILVNTFDALEPAALAALRDGKVVPGFPPVNAIGPLDSHTASTANAKQSEPAGSPVAWLGEQPARSVVYVAFGNRSAVSRDQLRQIAAGLEASGCRFLWVLKTTTVDKDDNTEVEDVLGCGFLERVRGRGLVTKAWVDQEALLKHPAVGLFLSHSGWNSVVEAAAAGMPLLAWPRGGDQRVNAMVVASGGFGVWMEHWSWDGEDRLVTGEEIREKVKEVMSDAAVRVRAMKTGEEAAKAVAEGGTSYRSMQEFIGKLRAT	6.175977134704588	50169.93760000011	K3Y181
BdCGT1/UGT708A7	MPTSGDGPTSQPHVVLLPSAGMGHLVPFSRLAVALSSAHGCDVSLVTVLPTVSSAESSHLEALFGAFPAVRRLEFHLADFDASEFPNADPFFLRFEAMRRSAPLLLGPLLARASATALVTDIALSSVVIPVAKQLRLPCYVLFTASAAMLSLCVHFPAYLDANGNGLVGDVDIPGVYQIPKASVPQALHDPKHLFTRQFVANGRELAKSDGVLVNSFDAFEPEAIAALREGAVSAAGFFPPVFSVGPLAPVSFPAGNNNRADYIQWLEAQPARSVVYVSFGSRKAVARDQLRELAAGLEASGHRFLWVVKSTVVDRDDDADLGELLGEGFLERVQGRGMVTKGWVEQEDVLKQESVGLFISHCGWNSVTEAAAGGLPVLAWPRFGDQRVNAGVVARSGLGVWVDSWSWEGEEGVVSGESIAEKVKAVMGDEIARNKAVSVRDAAAKAVADGGTSYRNLARFAQRCRDGRVRE	5.655900382995606	50342.61620000012	I1GYZ6
BdCGT2/UGT708A8	MADLAAMPNSGEQQGRDAPAPPHLVFVPSAGMGHLLPFTRFIADLANENVEISVVTALPTVSAAEAAHFADLFAAFPRIRRIDFNLLPFDESAFPGADPFLLRWESLRRSAQLLGPLIAAAVPRASAVVTDVTLASQVIPIAKDELNLPCHILFISCATMLSLVAYFPVYLDGAKADHLVGDVDIPGVLRLPVSSPPQVLRNPDSLFTKQFIANGRTIAKSDGILVNTFRALEPEALSALNSGKVVPGFPPVYAVGPLKSSITMTTSTGSSDKDEGAAAGGSPMAWLGEQPAGSVVYVAFGNRHGVSLEQIREIAAGLEASGCGFLWVLKTTVVDREDTAELEDVLGRGFLGRVTGRGLVTKEWVDQEAVLQHPAVGLYLSHAGWNSVTESAAYGVPMLVWPTAGDQRVIATVVASAGFGLWMEHWDWESLVSGAEIGEKVKEVMGNEGIKARAAKVSEEAAKAVAEGGSSHRSMQEFLAKLKPSTT	5.17583827972412	51624.379300000124	I1GZD7
PhCGT1/UGT708A43	MCSAATPNSGDVRATPGSSRPHVVLLPSAGMGHLVPFTRLAAALCSGHGCDVSLVAAVPTVSSAEARHLAAHFTAFPAVRRLELDLASLDVSEFAGADPFYVRYEAIRRSASLLAPLLAGGASAAASALVADIALASVVIPVAKDLRLPCYVFFTASATMFSFLAYLPTYLDANAGGGHAIGDVDVPGVCRVPTSSVPQALHDPDDIFTRQFIANARSLANADGLVVNAFDALEPEAVAALRQGTVAAGLPPVFAVGPLSPAPIPAKDSGSYLPWLDAQPARSVVYVSFGSRKALPRDQLSELAAGLEASGHRFLWVVKGAVVDRDDAGELTDLLGEAFLQRIHGRGLVTMAWVRQEEVLNHPSVGLFISHCGWNSVTEAAASGVPVVAWPRFADQRVNAGVVARAGIGVWVDTWSWEGEDDGVVSAEDIAGKVRSAMADEGVRKAAASVREAAARAVAAGGSSYRSLAELVRRCRDGLVITNGM	5.6806253433227525	50487.824500000126	Q5VMG8
PhCGT2/UGT708A46	MCSAATPNSGDVRATPGSSRPHVVLLPSAGMGHLVPFTRLAAALCSGHGCDVSLVAAVPTVSSAEARHLAAHFTAFPAVRRLELDLASLDVSEFAGADPFYVRYEAIRRSASLLAPLLAGGASAAASALVADIALASVVIPVAKDLRLPCYVFFTASATMFSFLAYLPTYLDANAGGGHAIGDVDVPGVCRVPTSSVPQALHDPDDIFTRQFIANARSLANADGLVVNAFDALEPEAVAALRQGTVAAGLPPVFAVGPLSPAPIPAKDSGSYLPWLDAQPARSVVYVSFGSRKALPRDQLSELAAGLEASGHRFLWVVKGAVVDRDDAGELTDLLGEAFLQRIHGRGLVTMAWVRQEEVLNHPSVGLFISHCGWNSVTEAAASGVPVVAWPRFADQRVNAGVVARAGIGVWVDTWSWEGEDDGVVSAEDIAGKVRSAMADEGVRKAAASVREAAARAVAAGGSSYRSLAELVRRCRDGLVITNGM	5.6806253433227525	50487.824500000126	Q5VMG8
PgCGT1/UGT708A44	MCSAATPNSGDVRATPGSSRPHVVLLPSAGMGHLVPFTRLAAALCSGHGCDVSLVAAVPTVSSAEARHLAAHFTAFPAVRRLELDLASLDVSEFAGADPFYVRYEAIRRSASLLAPLLAGGASAAASALVADIALASVVIPVAKDLRLPCYVFFTASATMFSFLAYLPTYLDANAGGGHAIGDVDVPGVCRVPTSSVPQALHDPDDIFTRQFIANARSLANADGLVVNAFDALEPEAVAALRQGTVAAGLPPVFAVGPLSPAPIPAKDSGSYLPWLDAQPARSVVYVSFGSRKALPRDQLSELAAGLEASGHRFLWVVKGAVVDRDDAGELTDLLGEAFLQRIHGRGLVTMAWVRQEEVLNHPSVGLFISHCGWNSVTEAAASGVPVVAWPRFADQRVNAGVVARAGIGVWVDTWSWEGEDDGVVSAEDIAGKVRSAMADEGVRKAAASVREAAARAVAAGGSSYRSLAELVRRCRDGLVITNGM	5.6806253433227525	50487.824500000126	Q5VMG8
PpCGT1/UGT708A45	MCSAATPNSGDVRATPGSSRPHVVLLPSAGMGHLVPFTRLAAALCSGHGCDVSLVAAVPTVSSAEARHLAAHFTAFPAVRRLELDLASLDVSEFAGADPFYVRYEAIRRSASLLAPLLAGGASAAASALVADIALASVVIPVAKDLRLPCYVFFTASATMFSFLAYLPTYLDANAGGGHAIGDVDVPGVCRVPTSSVPQALHDPDDIFTRQFIANARSLANADGLVVNAFDALEPEAVAALRQGTVAAGLPPVFAVGPLSPAPIPAKDSGSYLPWLDAQPARSVVYVSFGSRKALPRDQLSELAAGLEASGHRFLWVVKGAVVDRDDAGELTDLLGEAFLQRIHGRGLVTMAWVRQEEVLNHPSVGLFISHCGWNSVTEAAASGVPVVAWPRFADQRVNAGVVARAGIGVWVDTWSWEGEDDGVVSAEDIAGKVRSAMADEGVRKAAASVREAAARAVAAGGSSYRSLAELVRRCRDGLVITNGM	5.6806253433227525	50487.824500000126	Q5VMG8
IroB	MRRLPDLDRQAERDFLMRILFVGPPLYGLLYPVLSLAQAFRVNGHEVLIASGGQFAQKAAEAGLVVFDAAPGLDSEAGYRHHEAQRKKSNIGTQMGNFSFFSEEMADHLVEFAGHWRPDLIIYPPLGVIGPLIAAKYDIPVVMQTVGFGHTPWHIRGVTRSLTDAYRRHNVGATPRDMAWIDVTPPSMSILENDGEPIIPMQYVPYNGGAVWEPWWERRPDRKRLLVSLGTVKPMVDGLDLIAWVMDSASEVDAEIILHISANARSDLRSLPSNVRLVDWIPMGVFLNGADGFIHHGGAGNTLTALHAGIPQIVFGQGADRPVNARVVAERGCGIIPGDVGLSSNMINAFLNNRSLRKASEEVAAEMAAQPCPGEVAKSLITMVQKG	6.061503410339356	42305.07500000005	A0A0H2V630
UrdGT2	MFALAPLATAARNAGHQVVMAANQDMGPVVTGVGLPAVATTDLPIRHFITTDREGRPEAIPSDPVAQARFTGRWFARMAASSLPRMLDFSRAWRPDLIVGGTMSYVAPLLALHLGVPHARQTWDAVDADGIHPGADAELRPELSELGLERLPAPDLFIDICPPSLRPANAAPARMMRHVATSRQCPLEPWMYTRDTRQRVLVTSGSRVAKESYDRNFDFLRGLAKDLVRWDVELIVAAPDTVAEALRAEVPQARVGWTPLDVVAPTCDLLVHHAGGVSTLTGLSAGEPQLLIPKGSVLEAPARRVADYGAAIALLPGEDSTEAIADSCQELHAKDTYARRAQDLSREISGMPLPATVVTALEQLA	5.623161125183105	39291.53790000006	Q9RPA7
SsfS6	MRILVIAGCSEGFVMPLVPLSWALRAAGHEVLVAASENMGPTVTGAGLPFAPTCPSLDMPEVLSWDREGNRTTMPREEKPLLEHIGRGYGRLVLRMRDEALALAERWKPDLVLTETYSLTGPLVAATLGIPWIEQSIRLASPELIKSAGVGELAPELAELGLTDFPDPLLSIDVCPPSMEAQPKPGTTKMRYVPYNGRNDQVPSWVFEERKQPRLCLTFGTRVPLPNTNTIPGGLSLLQALSQELPKLGFEVVVAVSDKLAQTLQPLPEGVLAAGQFPLSAIMPACDVVVHHGGHGTTLTCLSEGVPQVSVPVIAEVWDSARLLHAAGAGVEVPWEQAGVESVLAACARIRDDSSYVGNARRLAAEMATLPTPADIVRLIEQA	5.0156660079956055	41023.97900000008	D6MSX4
DcUGT2	MEFRLLILALFSVLMSTSNGAEILALFPIHGISNYNVAEALLKTLANRGHNVTVVTSFPQKKPVPNLYEIDVSGAKGLATNSIHFERLQTIIQDVKSNFKNMVRLSRTYCEIMFSDPRVLNIRDKKFDLVINAVFGSDCDAGFAWKSQAPLISILNARHTPWALHRMGNPSNPAYMPVIHSRFPVKMNFFQRMINTGWHLYFLYMYFYYGNGEDANKMARKFFGNDMPDINEMVFNTSLLFVNTHFSVDMPYPLVPNCIEIGGIHVKEPQPLPLEIQKFMDEAEHGVIFFTLGSMVRTSTFPNQTIQAFKEAFAELPQRVLWKFENENEDMPSNVLIRKWFPQNDIFGHKNIKAFISHGGNSGALEAVHFGVPIIGIPLFYDQYRNILSFVKEGVAVLLDVNDLTKDNILSSVRTVVNDKSYSERMKALSQLFRDRPMSPLDTAVYWTEYVIRHRGAHHLKTAGAFLHWYQYLLLDVITFLLVTFCAFCFIVKYICKALIHHYWSSSKSEKLKKN	8.878021812438968	59113.844800000115	A0A291PQH4
